Campaign,Ad Group,Keyword,Match Type,Status
WW | NZ | Brand,Brand - Waterwell,waterwell clinic,Phrase,Enabled
WW | NZ | Brand,Brand - Waterwell,waterwell clinic,Exact,Enabled
WW | NZ | Brand,Brand - Waterwell,waterwell naturopath,Phrase,Enabled
WW | NZ | Brand,Brand - Waterwell,waterwell naturopath,Exact,Enabled
WW | NZ | Brand,Brand - Waterwell,waterwell clinic naturopath,Phrase,Enabled
WW | NZ | Brand,Brand - Waterwell,waterwell clinic naturopath,Exact,Enabled
WW | NZ | Brand,Brand - Waterwell,kohei iguchi,Phrase,Enabled
WW | NZ | Brand,Brand - Waterwell,kohei iguchi,Exact,Enabled
WW | NZ | Brand,Brand - Waterwell,kohei iguchi naturopath,Phrase,Enabled
WW | NZ | Brand,Brand - Waterwell,kohei iguchi naturopath,Exact,Enabled
WW | NZ | Brand,Brand - Waterwell,waterwellclinic.co.nz,Phrase,Enabled
WW | NZ | Brand,Brand - Waterwell,waterwellclinic.co.nz,Exact,Enabled
WW | NZ | Brand,Brand - Waterwell,waterwell naturopathy,Phrase,Enabled
WW | NZ | Brand,Brand - Waterwell,waterwell naturopathy,Exact,Enabled
WW | NZ | Brand,Brand - Waterwell,waterwell clinic reviews,Phrase,Enabled
WW | NZ | Brand,Brand - Waterwell,waterwell clinic reviews,Exact,Enabled
WW | NZ | Brand,Brand - Waterwell,waterwell clinic nz,Phrase,Enabled
WW | NZ | Brand,Brand - Waterwell,waterwell clinic nz,Exact,Enabled
WW | NZ | Brand,Brand - Waterwell,kohei iguchi medical herbalist,Phrase,Enabled
WW | NZ | Brand,Brand - Waterwell,kohei iguchi medical herbalist,Exact,Enabled
WW | NZ | Online Naturopath,Online Naturopath Consult,online naturopath,Phrase,Enabled
WW | NZ | Online Naturopath,Online Naturopath Consult,online naturopath,Exact,Enabled
WW | NZ | Online Naturopath,Online Naturopath Consult,online naturopath nz,Phrase,Enabled
WW | NZ | Online Naturopath,Online Naturopath Consult,online naturopath nz,Exact,Enabled
WW | NZ | Online Naturopath,Online Naturopath Consult,online naturopath new zealand,Phrase,Enabled
WW | NZ | Online Naturopath,Online Naturopath Consult,online naturopath new zealand,Exact,Enabled
WW | NZ | Online Naturopath,Online Naturopath Consult,online naturopath consult,Phrase,Enabled
WW | NZ | Online Naturopath,Online Naturopath Consult,online naturopath consult,Exact,Enabled
WW | NZ | Online Naturopath,Online Naturopath Consult,online naturopath consultation,Phrase,Enabled
WW | NZ | Online Naturopath,Online Naturopath Consult,online naturopath consultation,Exact,Enabled
WW | NZ | Online Naturopath,Online Naturopath Consult,online naturopath appointment,Phrase,Enabled
WW | NZ | Online Naturopath,Online Naturopath Consult,online naturopath appointment,Exact,Enabled
WW | NZ | Online Naturopath,Online Naturopath Consult,online naturopath booking,Phrase,Enabled
WW | NZ | Online Naturopath,Online Naturopath Consult,online naturopath booking,Exact,Enabled
WW | NZ | Online Naturopath,Online Naturopath Consult,book naturopath online,Phrase,Enabled
WW | NZ | Online Naturopath,Online Naturopath Consult,book naturopath online,Exact,Enabled
WW | NZ | Online Naturopath,Online Naturopath Consult,naturopath online,Phrase,Enabled
WW | NZ | Online Naturopath,Online Naturopath Consult,naturopath online,Exact,Enabled
WW | NZ | Online Naturopath,Online Naturopath Consult,naturopath online nz,Phrase,Enabled
WW | NZ | Online Naturopath,Online Naturopath Consult,naturopath online nz,Exact,Enabled
WW | NZ | Online Naturopath,Online Naturopath Consult,naturopath online consultation,Phrase,Enabled
WW | NZ | Online Naturopath,Online Naturopath Consult,naturopath online consultation,Exact,Enabled
WW | NZ | Online Naturopath,Online Naturopath Consult,naturopathy online,Phrase,Enabled
WW | NZ | Online Naturopath,Online Naturopath Consult,naturopathy online,Exact,Enabled
WW | NZ | Online Naturopath,Online Naturopath Consult,online naturopathy consultation,Phrase,Enabled
WW | NZ | Online Naturopath,Online Naturopath Consult,online naturopathy consultation,Exact,Enabled
WW | NZ | Online Naturopath,Online Naturopath Consult,virtual naturopath,Phrase,Enabled
WW | NZ | Online Naturopath,Online Naturopath Consult,virtual naturopath,Exact,Enabled
WW | NZ | Online Naturopath,Online Naturopath Consult,virtual naturopath nz,Phrase,Enabled
WW | NZ | Online Naturopath,Online Naturopath Consult,virtual naturopath nz,Exact,Enabled
WW | NZ | Online Naturopath,Online Naturopath Consult,virtual naturopath consultation,Phrase,Enabled
WW | NZ | Online Naturopath,Online Naturopath Consult,virtual naturopath consultation,Exact,Enabled
WW | NZ | Online Naturopath,Online Naturopath Consult,naturopath video consult,Phrase,Enabled
WW | NZ | Online Naturopath,Online Naturopath Consult,naturopath video consult,Exact,Enabled
WW | NZ | Online Naturopath,Online Naturopath Consult,naturopath video consultation,Phrase,Enabled
WW | NZ | Online Naturopath,Online Naturopath Consult,naturopath video consultation,Exact,Enabled
WW | NZ | Online Naturopath,Online Naturopath Consult,naturopath video call,Phrase,Enabled
WW | NZ | Online Naturopath,Online Naturopath Consult,naturopath video call,Exact,Enabled
WW | NZ | Online Naturopath,Online Naturopath Consult,naturopath zoom consultation,Phrase,Enabled
WW | NZ | Online Naturopath,Online Naturopath Consult,naturopath zoom consultation,Exact,Enabled
WW | NZ | Online Naturopath,Online Naturopath Consult,online consultation naturopath,Phrase,Enabled
WW | NZ | Online Naturopath,Online Naturopath Consult,online consultation naturopath,Exact,Enabled
WW | NZ | Online Naturopath,Online Naturopath Consult,telehealth naturopath,Phrase,Enabled
WW | NZ | Online Naturopath,Online Naturopath Consult,telehealth naturopath,Exact,Enabled
WW | NZ | Online Naturopath,Online Naturopath Consult,telehealth naturopath nz,Phrase,Enabled
WW | NZ | Online Naturopath,Online Naturopath Consult,telehealth naturopath nz,Exact,Enabled
WW | NZ | Online Naturopath,Online Naturopath Consult,remote naturopath consultation,Phrase,Enabled
WW | NZ | Online Naturopath,Online Naturopath Consult,remote naturopath consultation,Exact,Enabled
WW | NZ | Online Naturopath,Online Naturopath Consult,online naturopathic consultation,Phrase,Enabled
WW | NZ | Online Naturopath,Online Naturopath Consult,online naturopathic consultation,Exact,Enabled
WW | NZ | Online Naturopath,Online Naturopath Consult,online natural health consultation,Phrase,Enabled
WW | NZ | Online Naturopath,Online Naturopath Consult,online natural health consultation,Exact,Enabled
WW | NZ | Online Naturopath,Online Naturopath Consult,natural health consultation online,Phrase,Enabled
WW | NZ | Online Naturopath,Online Naturopath Consult,natural health consultation online,Exact,Enabled
WW | NZ | Online Naturopath,Online Naturopath Consult,online herbalist,Phrase,Enabled
WW | NZ | Online Naturopath,Online Naturopath Consult,online herbalist,Exact,Enabled
WW | NZ | Online Naturopath,Online Naturopath Consult,online medical herbalist,Phrase,Enabled
WW | NZ | Online Naturopath,Online Naturopath Consult,online medical herbalist,Exact,Enabled
WW | NZ | Online Naturopath,Online Naturopath Consult,best online naturopath nz,Phrase,Enabled
WW | NZ | Online Naturopath,Online Naturopath Consult,best online naturopath nz,Exact,Enabled
WW | NZ | Online Naturopath,Online Naturopath Consult,qualified naturopath online,Phrase,Enabled
WW | NZ | Online Naturopath,Online Naturopath Consult,qualified naturopath online,Exact,Enabled
WW | NZ | Online Naturopath,Online Naturopath Consult,see a naturopath online,Phrase,Enabled
WW | NZ | Online Naturopath,Online Naturopath Consult,see a naturopath online,Exact,Enabled
WW | NZ | Online Naturopath,Online Naturopath Consult,naturopath from home,Phrase,Enabled
WW | NZ | Online Naturopath,Online Naturopath Consult,naturopath from home,Exact,Enabled
WW | NZ | Online Naturopath,Online Naturopath Consult,online naturopath session,Phrase,Enabled
WW | NZ | Online Naturopath,Online Naturopath Consult,online naturopath session,Exact,Enabled
WW | NZ | Online Naturopath,Online Naturopath Consult,book online naturopath appointment,Phrase,Enabled
WW | NZ | Online Naturopath,Online Naturopath Consult,book online naturopath appointment,Exact,Enabled
WW | NZ | Online Naturopath,Online Naturopath Consult,naturopath appointment online nz,Phrase,Enabled
WW | NZ | Online Naturopath,Online Naturopath Consult,naturopath appointment online nz,Exact,Enabled
WW | NZ | Online Naturopath,Online Naturopath Consult,online herbal medicine consultation,Phrase,Enabled
WW | NZ | Online Naturopath,Online Naturopath Consult,online herbal medicine consultation,Exact,Enabled
WW | NZ | Online Naturopath,Online Naturopath Consult,naturopath consultation via video,Phrase,Enabled
WW | NZ | Online Naturopath,Online Naturopath Consult,naturopath consultation via video,Exact,Enabled
WW | NZ | Online Naturopath,Online Naturopath Consult,online naturopath enquiry,Phrase,Enabled
WW | NZ | Online Naturopath,Online Naturopath Consult,online naturopath enquiry,Exact,Enabled
WW | NZ | Online Naturopath,Online Naturopath Consult,naturopath phone consultation,Phrase,Enabled
WW | NZ | Online Naturopath,Online Naturopath Consult,naturopath phone consultation,Exact,Enabled
WW | NZ | Online Naturopath,Online Naturopath Consult,how does an online naturopath work,Phrase,Enabled
WW | NZ | Online Naturopath,Online Naturopath Consult,how does an online naturopath work,Exact,Enabled
WW | NZ | Online Naturopath,Online Naturopath Consult,digital naturopath consultation,Phrase,Enabled
WW | NZ | Online Naturopath,Online Naturopath Consult,digital naturopath consultation,Exact,Enabled
WW | NZ | Online Naturopath,Online Naturopath Consult,trusted online naturopath nz,Phrase,Enabled
WW | NZ | Online Naturopath,Online Naturopath Consult,trusted online naturopath nz,Exact,Enabled
WW | NZ | Online Naturopath,Online Naturopath Consult,experienced online naturopath,Phrase,Enabled
WW | NZ | Online Naturopath,Online Naturopath Consult,experienced online naturopath,Exact,Enabled
WW | NZ | Online Naturopath,Online Naturopath Consult,online naturopath cost nz,Phrase,Enabled
WW | NZ | Online Naturopath,Online Naturopath Consult,online naturopath cost nz,Exact,Enabled
WW | NZ | Online Naturopath,Online Naturopath Consult,naturopath consultation price nz,Phrase,Enabled
WW | NZ | Online Naturopath,Online Naturopath Consult,naturopath consultation price nz,Exact,Enabled
WW | NZ | Online Naturopath,Online Naturopath Consult,how much is an online naturopath consult,Phrase,Enabled
WW | NZ | Online Naturopath,Online Naturopath Consult,how much is an online naturopath consult,Exact,Enabled
WW | NZ | Online Naturopath,Online Naturopath Consult,naturopath vs gp,Phrase,Enabled
WW | NZ | Online Naturopath,Online Naturopath Consult,naturopath vs gp,Exact,Enabled
WW | NZ | Online Naturopath,Online Naturopath Consult,is a naturopath worth it,Phrase,Enabled
WW | NZ | Online Naturopath,Online Naturopath Consult,is a naturopath worth it,Exact,Enabled
WW | NZ | Online Naturopath,Online Naturopath Consult,what happens in a naturopath consult,Phrase,Enabled
WW | NZ | Online Naturopath,Online Naturopath Consult,what happens in a naturopath consult,Exact,Enabled
WW | NZ | Online Naturopath,Online Naturopath Consult,first naturopath appointment what to expect,Phrase,Enabled
WW | NZ | Online Naturopath,Online Naturopath Consult,first naturopath appointment what to expect,Exact,Enabled
WW | NZ | Online Naturopath,Online Naturopath Consult,naturopath that works with your doctor,Phrase,Enabled
WW | NZ | Online Naturopath,Online Naturopath Consult,naturopath that works with your doctor,Exact,Enabled
WW | NZ | Online Naturopath,Online Naturopath Consult,naturopath alongside medication,Phrase,Enabled
WW | NZ | Online Naturopath,Online Naturopath Consult,naturopath alongside medication,Exact,Enabled
WW | NZ | Online Naturopath,Online Naturopath Consult,naturopath functional testing nz,Phrase,Enabled
WW | NZ | Online Naturopath,Online Naturopath Consult,naturopath functional testing nz,Exact,Enabled
WW | NZ | Online Naturopath,Online Naturopath Consult,naturopath lab tests online,Phrase,Enabled
WW | NZ | Online Naturopath,Online Naturopath Consult,naturopath lab tests online,Exact,Enabled
WW | NZ | Online Naturopath,Online Naturopath Consult,naturopath for busy professionals,Phrase,Enabled
WW | NZ | Online Naturopath,Online Naturopath Consult,naturopath for busy professionals,Exact,Enabled
WW | NZ | Online Naturopath,Online Naturopath Consult,same week naturopath appointment nz,Phrase,Enabled
WW | NZ | Online Naturopath,Online Naturopath Consult,same week naturopath appointment nz,Exact,Enabled
WW | NZ | Online Naturopath,Online Naturopath Consult,naturopath initial consultation nz,Phrase,Enabled
WW | NZ | Online Naturopath,Online Naturopath Consult,naturopath initial consultation nz,Exact,Enabled
WW | NZ | Online Naturopath,General Naturopathy,naturopath nz,Phrase,Enabled
WW | NZ | Online Naturopath,General Naturopathy,naturopath nz,Exact,Enabled
WW | NZ | Online Naturopath,General Naturopathy,naturopath new zealand,Phrase,Enabled
WW | NZ | Online Naturopath,General Naturopathy,naturopath new zealand,Exact,Enabled
WW | NZ | Online Naturopath,General Naturopathy,best naturopath nz,Phrase,Enabled
WW | NZ | Online Naturopath,General Naturopathy,best naturopath nz,Exact,Enabled
WW | NZ | Online Naturopath,General Naturopathy,naturopath auckland,Phrase,Enabled
WW | NZ | Online Naturopath,General Naturopathy,naturopath auckland,Exact,Enabled
WW | NZ | Online Naturopath,General Naturopathy,naturopath wellington,Phrase,Enabled
WW | NZ | Online Naturopath,General Naturopathy,naturopath wellington,Exact,Enabled
WW | NZ | Online Naturopath,General Naturopathy,naturopath christchurch,Phrase,Enabled
WW | NZ | Online Naturopath,General Naturopathy,naturopath christchurch,Exact,Enabled
WW | NZ | Online Naturopath,General Naturopathy,naturopath hamilton,Phrase,Enabled
WW | NZ | Online Naturopath,General Naturopathy,naturopath hamilton,Exact,Enabled
WW | NZ | Online Naturopath,General Naturopathy,naturopath tauranga,Phrase,Enabled
WW | NZ | Online Naturopath,General Naturopathy,naturopath tauranga,Exact,Enabled
WW | NZ | Online Naturopath,General Naturopathy,naturopath dunedin,Phrase,Enabled
WW | NZ | Online Naturopath,General Naturopathy,naturopath dunedin,Exact,Enabled
WW | NZ | Online Naturopath,General Naturopathy,holistic health practitioner nz,Phrase,Enabled
WW | NZ | Online Naturopath,General Naturopathy,holistic health practitioner nz,Exact,Enabled
WW | NZ | Online Naturopath,General Naturopathy,natural health practitioner nz,Phrase,Enabled
WW | NZ | Online Naturopath,General Naturopathy,natural health practitioner nz,Exact,Enabled
WW | NZ | Online Naturopath,General Naturopathy,medical herbalist nz,Phrase,Enabled
WW | NZ | Online Naturopath,General Naturopathy,medical herbalist nz,Exact,Enabled
WW | NZ | Online Naturopath,General Naturopathy,qualified naturopath nz,Phrase,Enabled
WW | NZ | Online Naturopath,General Naturopathy,qualified naturopath nz,Exact,Enabled
WW | NZ | Online Naturopath,General Naturopathy,registered naturopath nz,Phrase,Enabled
WW | NZ | Online Naturopath,General Naturopathy,registered naturopath nz,Exact,Enabled
WW | NZ | Online Naturopath,General Naturopathy,naturopath reviews nz,Phrase,Enabled
WW | NZ | Online Naturopath,General Naturopathy,naturopath reviews nz,Exact,Enabled
WW | NZ | Online Naturopath,General Naturopathy,naturopath napier,Phrase,Enabled
WW | NZ | Online Naturopath,General Naturopathy,naturopath napier,Exact,Enabled
WW | NZ | Online Naturopath,General Naturopathy,naturopath palmerston north,Phrase,Enabled
WW | NZ | Online Naturopath,General Naturopathy,naturopath palmerston north,Exact,Enabled
WW | NZ | Online Naturopath,General Naturopathy,naturopath rotorua,Phrase,Enabled
WW | NZ | Online Naturopath,General Naturopathy,naturopath rotorua,Exact,Enabled
WW | NZ | Online Naturopath,General Naturopathy,naturopath nelson,Phrase,Enabled
WW | NZ | Online Naturopath,General Naturopathy,naturopath nelson,Exact,Enabled
WW | NZ | Online Naturopath,General Naturopathy,naturopath invercargill,Phrase,Enabled
WW | NZ | Online Naturopath,General Naturopathy,naturopath invercargill,Exact,Enabled
WW | NZ | Online Naturopath,General Naturopathy,naturopath vs homeopath,Phrase,Enabled
WW | NZ | Online Naturopath,General Naturopathy,naturopath vs homeopath,Exact,Enabled
WW | NZ | Online Naturopath,General Naturopathy,difference between naturopath and herbalist,Phrase,Enabled
WW | NZ | Online Naturopath,General Naturopathy,difference between naturopath and herbalist,Exact,Enabled
WW | NZ | Online Naturopath,General Naturopathy,how to find a good naturopath nz,Phrase,Enabled
WW | NZ | Online Naturopath,General Naturopathy,how to find a good naturopath nz,Exact,Enabled
WW | NZ | Online Naturopath,General Naturopathy,naturopath appointment nz,Phrase,Enabled
WW | NZ | Online Naturopath,General Naturopathy,naturopath appointment nz,Exact,Enabled
WW | NZ | Online Naturopath,General Naturopathy,natural health clinic nz,Phrase,Enabled
WW | NZ | Online Naturopath,General Naturopathy,natural health clinic nz,Exact,Enabled
WW | NZ | Online Naturopath,General Naturopathy,holistic naturopath nz,Phrase,Enabled
WW | NZ | Online Naturopath,General Naturopathy,holistic naturopath nz,Exact,Enabled
WW | NZ | Online Naturopath,General Naturopathy,naturopath specialising in skin,Phrase,Enabled
WW | NZ | Online Naturopath,General Naturopathy,naturopath specialising in skin,Exact,Enabled
WW | NZ | Online Naturopath,Gut & Digestive Health,naturopath for gut health,Phrase,Enabled
WW | NZ | Online Naturopath,Gut & Digestive Health,naturopath for gut health,Exact,Enabled
WW | NZ | Online Naturopath,Gut & Digestive Health,naturopath for bloating,Phrase,Enabled
WW | NZ | Online Naturopath,Gut & Digestive Health,naturopath for bloating,Exact,Enabled
WW | NZ | Online Naturopath,Gut & Digestive Health,gut health naturopath nz,Phrase,Enabled
WW | NZ | Online Naturopath,Gut & Digestive Health,gut health naturopath nz,Exact,Enabled
WW | NZ | Online Naturopath,Gut & Digestive Health,leaky gut treatment naturopath,Phrase,Enabled
WW | NZ | Online Naturopath,Gut & Digestive Health,leaky gut treatment naturopath,Exact,Enabled
WW | NZ | Online Naturopath,Gut & Digestive Health,gut microbiome testing nz,Phrase,Enabled
WW | NZ | Online Naturopath,Gut & Digestive Health,gut microbiome testing nz,Exact,Enabled
WW | NZ | Online Naturopath,Gut & Digestive Health,food intolerance naturopath,Phrase,Enabled
WW | NZ | Online Naturopath,Gut & Digestive Health,food intolerance naturopath,Exact,Enabled
WW | NZ | Online Naturopath,Gut & Digestive Health,ibs natural treatment nz,Phrase,Enabled
WW | NZ | Online Naturopath,Gut & Digestive Health,ibs natural treatment nz,Exact,Enabled
WW | NZ | Online Naturopath,Gut & Digestive Health,naturopath for ibs,Phrase,Enabled
WW | NZ | Online Naturopath,Gut & Digestive Health,naturopath for ibs,Exact,Enabled
WW | NZ | Online Naturopath,Gut & Digestive Health,digestive health naturopath,Phrase,Enabled
WW | NZ | Online Naturopath,Gut & Digestive Health,digestive health naturopath,Exact,Enabled
WW | NZ | Online Naturopath,Gut & Digestive Health,gut-skin connection naturopath,Phrase,Enabled
WW | NZ | Online Naturopath,Gut & Digestive Health,gut-skin connection naturopath,Exact,Enabled
WW | NZ | Online Naturopath,Gut & Digestive Health,dysbiosis treatment naturopath,Phrase,Enabled
WW | NZ | Online Naturopath,Gut & Digestive Health,dysbiosis treatment naturopath,Exact,Enabled
WW | NZ | Online Naturopath,Gut & Digestive Health,naturopath for constipation,Phrase,Enabled
WW | NZ | Online Naturopath,Gut & Digestive Health,naturopath for constipation,Exact,Enabled
WW | NZ | Online Naturopath,Gut & Digestive Health,naturopath for reflux,Phrase,Enabled
WW | NZ | Online Naturopath,Gut & Digestive Health,naturopath for reflux,Exact,Enabled
WW | NZ | Online Naturopath,Gut & Digestive Health,naturopath for sibo,Phrase,Enabled
WW | NZ | Online Naturopath,Gut & Digestive Health,naturopath for sibo,Exact,Enabled
WW | NZ | Online Naturopath,Gut & Digestive Health,stool testing naturopath nz,Phrase,Enabled
WW | NZ | Online Naturopath,Gut & Digestive Health,stool testing naturopath nz,Exact,Enabled
WW | NZ | Online Naturopath,Gut & Digestive Health,naturopath for irritable bowel,Phrase,Enabled
WW | NZ | Online Naturopath,Gut & Digestive Health,naturopath for irritable bowel,Exact,Enabled
WW | NZ | Online Naturopath,Gut & Digestive Health,gut health testing online nz,Phrase,Enabled
WW | NZ | Online Naturopath,Gut & Digestive Health,gut health testing online nz,Exact,Enabled
WW | NZ | Online Naturopath,Gut & Digestive Health,naturopath for chronic bloating,Phrase,Enabled
WW | NZ | Online Naturopath,Gut & Digestive Health,naturopath for chronic bloating,Exact,Enabled
WW | NZ | Online Naturopath,Gut & Digestive Health,food sensitivity testing nz,Phrase,Enabled
WW | NZ | Online Naturopath,Gut & Digestive Health,food sensitivity testing nz,Exact,Enabled
WW | NZ | Online Naturopath,Gut & Digestive Health,naturopath for gut inflammation,Phrase,Enabled
WW | NZ | Online Naturopath,Gut & Digestive Health,naturopath for gut inflammation,Exact,Enabled
WW | NZ | Online Naturopath,Gut & Digestive Health,gut health consultation online,Phrase,Enabled
WW | NZ | Online Naturopath,Gut & Digestive Health,gut health consultation online,Exact,Enabled
WW | NZ | Online Naturopath,Hormones & Women's Health,naturopath for hormones,Phrase,Enabled
WW | NZ | Online Naturopath,Hormones & Women's Health,naturopath for hormones,Exact,Enabled
WW | NZ | Online Naturopath,Hormones & Women's Health,naturopath for womens health,Phrase,Enabled
WW | NZ | Online Naturopath,Hormones & Women's Health,naturopath for womens health,Exact,Enabled
WW | NZ | Online Naturopath,Hormones & Women's Health,hormone balancing naturopath nz,Phrase,Enabled
WW | NZ | Online Naturopath,Hormones & Women's Health,hormone balancing naturopath nz,Exact,Enabled
WW | NZ | Online Naturopath,Hormones & Women's Health,naturopath for pms,Phrase,Enabled
WW | NZ | Online Naturopath,Hormones & Women's Health,naturopath for pms,Exact,Enabled
WW | NZ | Online Naturopath,Hormones & Women's Health,naturopath for menopause,Phrase,Enabled
WW | NZ | Online Naturopath,Hormones & Women's Health,naturopath for menopause,Exact,Enabled
WW | NZ | Online Naturopath,Hormones & Women's Health,perimenopause naturopath nz,Phrase,Enabled
WW | NZ | Online Naturopath,Hormones & Women's Health,perimenopause naturopath nz,Exact,Enabled
WW | NZ | Online Naturopath,Hormones & Women's Health,naturopath for hormonal acne,Phrase,Enabled
WW | NZ | Online Naturopath,Hormones & Women's Health,naturopath for hormonal acne,Exact,Enabled
WW | NZ | Online Naturopath,Hormones & Women's Health,thyroid support naturopath nz,Phrase,Enabled
WW | NZ | Online Naturopath,Hormones & Women's Health,thyroid support naturopath nz,Exact,Enabled
WW | NZ | Online Naturopath,Hormones & Women's Health,naturopath for pcos,Phrase,Enabled
WW | NZ | Online Naturopath,Hormones & Women's Health,naturopath for pcos,Exact,Enabled
WW | NZ | Online Naturopath,Hormones & Women's Health,naturopath for fertility support,Phrase,Enabled
WW | NZ | Online Naturopath,Hormones & Women's Health,naturopath for fertility support,Exact,Enabled
WW | NZ | Online Naturopath,Hormones & Women's Health,naturopath for irregular periods,Phrase,Enabled
WW | NZ | Online Naturopath,Hormones & Women's Health,naturopath for irregular periods,Exact,Enabled
WW | NZ | Online Naturopath,Hormones & Women's Health,naturopath for endometriosis support,Phrase,Enabled
WW | NZ | Online Naturopath,Hormones & Women's Health,naturopath for endometriosis support,Exact,Enabled
WW | NZ | Online Naturopath,Hormones & Women's Health,hormone testing naturopath nz,Phrase,Enabled
WW | NZ | Online Naturopath,Hormones & Women's Health,hormone testing naturopath nz,Exact,Enabled
WW | NZ | Online Naturopath,Hormones & Women's Health,naturopath for postnatal recovery,Phrase,Enabled
WW | NZ | Online Naturopath,Hormones & Women's Health,naturopath for postnatal recovery,Exact,Enabled
WW | NZ | Online Naturopath,Hormones & Women's Health,naturopath for low libido women,Phrase,Enabled
WW | NZ | Online Naturopath,Hormones & Women's Health,naturopath for low libido women,Exact,Enabled
WW | NZ | Online Naturopath,Hormones & Women's Health,natural pms relief nz,Phrase,Enabled
WW | NZ | Online Naturopath,Hormones & Women's Health,natural pms relief nz,Exact,Enabled
WW | NZ | Online Naturopath,Hormones & Women's Health,naturopath for mood swings hormones,Phrase,Enabled
WW | NZ | Online Naturopath,Hormones & Women's Health,naturopath for mood swings hormones,Exact,Enabled
WW | NZ | Online Naturopath,Hormones & Women's Health,perimenopause support online nz,Phrase,Enabled
WW | NZ | Online Naturopath,Hormones & Women's Health,perimenopause support online nz,Exact,Enabled
WW | NZ | Online Naturopath,Fatigue & Energy,naturopath for fatigue,Phrase,Enabled
WW | NZ | Online Naturopath,Fatigue & Energy,naturopath for fatigue,Exact,Enabled
WW | NZ | Online Naturopath,Fatigue & Energy,chronic fatigue naturopath nz,Phrase,Enabled
WW | NZ | Online Naturopath,Fatigue & Energy,chronic fatigue naturopath nz,Exact,Enabled
WW | NZ | Online Naturopath,Fatigue & Energy,adrenal fatigue naturopath,Phrase,Enabled
WW | NZ | Online Naturopath,Fatigue & Energy,adrenal fatigue naturopath,Exact,Enabled
WW | NZ | Online Naturopath,Fatigue & Energy,low energy naturopath online,Phrase,Enabled
WW | NZ | Online Naturopath,Fatigue & Energy,low energy naturopath online,Exact,Enabled
WW | NZ | Online Naturopath,Fatigue & Energy,naturopath for tiredness,Phrase,Enabled
WW | NZ | Online Naturopath,Fatigue & Energy,naturopath for tiredness,Exact,Enabled
WW | NZ | Online Naturopath,Fatigue & Energy,naturopath for burnout,Phrase,Enabled
WW | NZ | Online Naturopath,Fatigue & Energy,naturopath for burnout,Exact,Enabled
WW | NZ | Online Naturopath,Fatigue & Energy,naturopath for chronic fatigue syndrome,Phrase,Enabled
WW | NZ | Online Naturopath,Fatigue & Energy,naturopath for chronic fatigue syndrome,Exact,Enabled
WW | NZ | Online Naturopath,Fatigue & Energy,energy testing naturopath nz,Phrase,Enabled
WW | NZ | Online Naturopath,Fatigue & Energy,energy testing naturopath nz,Exact,Enabled
WW | NZ | Online Naturopath,Fatigue & Energy,naturopath for exhaustion,Phrase,Enabled
WW | NZ | Online Naturopath,Fatigue & Energy,naturopath for exhaustion,Exact,Enabled
WW | NZ | Online Naturopath,Fatigue & Energy,naturopath for brain fog,Phrase,Enabled
WW | NZ | Online Naturopath,Fatigue & Energy,naturopath for brain fog,Exact,Enabled
WW | NZ | Online Naturopath,Fatigue & Energy,iron and energy testing nz,Phrase,Enabled
WW | NZ | Online Naturopath,Fatigue & Energy,iron and energy testing nz,Exact,Enabled
WW | NZ | Online Naturopath,Fatigue & Energy,naturopath for post viral fatigue,Phrase,Enabled
WW | NZ | Online Naturopath,Fatigue & Energy,naturopath for post viral fatigue,Exact,Enabled
WW | NZ | Online Naturopath,Fatigue & Energy,why am i always tired naturopath,Phrase,Enabled
WW | NZ | Online Naturopath,Fatigue & Energy,why am i always tired naturopath,Exact,Enabled
WW | NZ | Online Naturopath,Stress & Sleep,naturopath for stress,Phrase,Enabled
WW | NZ | Online Naturopath,Stress & Sleep,naturopath for stress,Exact,Enabled
WW | NZ | Online Naturopath,Stress & Sleep,naturopath for sleep,Phrase,Enabled
WW | NZ | Online Naturopath,Stress & Sleep,naturopath for sleep,Exact,Enabled
WW | NZ | Online Naturopath,Stress & Sleep,insomnia natural treatment nz,Phrase,Enabled
WW | NZ | Online Naturopath,Stress & Sleep,insomnia natural treatment nz,Exact,Enabled
WW | NZ | Online Naturopath,Stress & Sleep,naturopath for anxiety support,Phrase,Enabled
WW | NZ | Online Naturopath,Stress & Sleep,naturopath for anxiety support,Exact,Enabled
WW | NZ | Online Naturopath,Stress & Sleep,stress management naturopath nz,Phrase,Enabled
WW | NZ | Online Naturopath,Stress & Sleep,stress management naturopath nz,Exact,Enabled
WW | NZ | Online Naturopath,Stress & Sleep,natural sleep support nz,Phrase,Enabled
WW | NZ | Online Naturopath,Stress & Sleep,natural sleep support nz,Exact,Enabled
WW | NZ | Online Naturopath,Stress & Sleep,naturopath for nervous system support,Phrase,Enabled
WW | NZ | Online Naturopath,Stress & Sleep,naturopath for nervous system support,Exact,Enabled
WW | NZ | Online Naturopath,Stress & Sleep,naturopath for waking up tired,Phrase,Enabled
WW | NZ | Online Naturopath,Stress & Sleep,naturopath for waking up tired,Exact,Enabled
WW | NZ | Online Naturopath,Stress & Sleep,natural remedies for insomnia nz,Phrase,Enabled
WW | NZ | Online Naturopath,Stress & Sleep,natural remedies for insomnia nz,Exact,Enabled
WW | NZ | Online Naturopath,Stress & Sleep,naturopath for overthinking and stress,Phrase,Enabled
WW | NZ | Online Naturopath,Stress & Sleep,naturopath for overthinking and stress,Exact,Enabled
WW | NZ | Online Naturopath,Stress & Sleep,cortisol testing naturopath nz,Phrase,Enabled
WW | NZ | Online Naturopath,Stress & Sleep,cortisol testing naturopath nz,Exact,Enabled
WW | NZ | Online Naturopath,Stress & Sleep,naturopath for shift work sleep,Phrase,Enabled
WW | NZ | Online Naturopath,Stress & Sleep,naturopath for shift work sleep,Exact,Enabled
WW | NZ | Skin Conditions,Eczema,naturopath for eczema,Phrase,Enabled
WW | NZ | Skin Conditions,Eczema,naturopath for eczema,Exact,Enabled
WW | NZ | Skin Conditions,Eczema,eczema natural treatment,Phrase,Enabled
WW | NZ | Skin Conditions,Eczema,eczema natural treatment,Exact,Enabled
WW | NZ | Skin Conditions,Eczema,online eczema specialist,Phrase,Enabled
WW | NZ | Skin Conditions,Eczema,online eczema specialist,Exact,Enabled
WW | NZ | Skin Conditions,Eczema,naturopath eczema online,Phrase,Enabled
WW | NZ | Skin Conditions,Eczema,naturopath eczema online,Exact,Enabled
WW | NZ | Skin Conditions,Eczema,natural eczema help,Phrase,Enabled
WW | NZ | Skin Conditions,Eczema,natural eczema help,Exact,Enabled
WW | NZ | Skin Conditions,Eczema,eczema naturopath nz,Phrase,Enabled
WW | NZ | Skin Conditions,Eczema,eczema naturopath nz,Exact,Enabled
WW | NZ | Skin Conditions,Eczema,natural remedies for eczema,Phrase,Enabled
WW | NZ | Skin Conditions,Eczema,natural remedies for eczema,Exact,Enabled
WW | NZ | Skin Conditions,Eczema,eczema support naturopath,Phrase,Enabled
WW | NZ | Skin Conditions,Eczema,eczema support naturopath,Exact,Enabled
WW | NZ | Skin Conditions,Eczema,gut-skin eczema naturopath,Phrase,Enabled
WW | NZ | Skin Conditions,Eczema,gut-skin eczema naturopath,Exact,Enabled
WW | NZ | Skin Conditions,Eczema,eczema flare up help,Phrase,Enabled
WW | NZ | Skin Conditions,Eczema,eczema flare up help,Exact,Enabled
WW | NZ | Skin Conditions,Eczema,baby eczema naturopath,Phrase,Enabled
WW | NZ | Skin Conditions,Eczema,baby eczema naturopath,Exact,Enabled
WW | NZ | Skin Conditions,Eczema,eczema diet naturopath,Phrase,Enabled
WW | NZ | Skin Conditions,Eczema,eczema diet naturopath,Exact,Enabled
WW | NZ | Skin Conditions,Eczema,eczema naturopath cost nz,Phrase,Enabled
WW | NZ | Skin Conditions,Eczema,eczema naturopath cost nz,Exact,Enabled
WW | NZ | Skin Conditions,Eczema,eczema consultation price nz,Phrase,Enabled
WW | NZ | Skin Conditions,Eczema,eczema consultation price nz,Exact,Enabled
WW | NZ | Skin Conditions,Eczema,why wont my eczema go away,Phrase,Enabled
WW | NZ | Skin Conditions,Eczema,why wont my eczema go away,Exact,Enabled
WW | NZ | Skin Conditions,Eczema,eczema keeps coming back,Phrase,Enabled
WW | NZ | Skin Conditions,Eczema,eczema keeps coming back,Exact,Enabled
WW | NZ | Skin Conditions,Eczema,eczema gut health connection,Phrase,Enabled
WW | NZ | Skin Conditions,Eczema,eczema gut health connection,Exact,Enabled
WW | NZ | Skin Conditions,Eczema,leaky gut eczema naturopath,Phrase,Enabled
WW | NZ | Skin Conditions,Eczema,leaky gut eczema naturopath,Exact,Enabled
WW | NZ | Skin Conditions,Eczema,registered naturopath eczema nz,Phrase,Enabled
WW | NZ | Skin Conditions,Eczema,registered naturopath eczema nz,Exact,Enabled
WW | NZ | Skin Conditions,Eczema,medical herbalist eczema nz,Phrase,Enabled
WW | NZ | Skin Conditions,Eczema,medical herbalist eczema nz,Exact,Enabled
WW | NZ | Skin Conditions,Eczema,childhood eczema naturopath,Phrase,Enabled
WW | NZ | Skin Conditions,Eczema,childhood eczema naturopath,Exact,Enabled
WW | NZ | Skin Conditions,Eczema,adult eczema naturopath nz,Phrase,Enabled
WW | NZ | Skin Conditions,Eczema,adult eczema naturopath nz,Exact,Enabled
WW | NZ | Skin Conditions,Eczema,eczema trigger naturopath,Phrase,Enabled
WW | NZ | Skin Conditions,Eczema,eczema trigger naturopath,Exact,Enabled
WW | NZ | Skin Conditions,Eczema,eczema immune naturopath,Phrase,Enabled
WW | NZ | Skin Conditions,Eczema,eczema immune naturopath,Exact,Enabled
WW | NZ | Skin Conditions,Eczema,best online eczema naturopath nz,Phrase,Enabled
WW | NZ | Skin Conditions,Eczema,best online eczema naturopath nz,Exact,Enabled
WW | NZ | Skin Conditions,Eczema,eczema naturopath reviews nz,Phrase,Enabled
WW | NZ | Skin Conditions,Eczema,eczema naturopath reviews nz,Exact,Enabled
WW | NZ | Skin Conditions,Topical Steroid Withdrawal,topical steroid withdrawal help,Phrase,Enabled
WW | NZ | Skin Conditions,Topical Steroid Withdrawal,topical steroid withdrawal help,Exact,Enabled
WW | NZ | Skin Conditions,Topical Steroid Withdrawal,tsw naturopath,Phrase,Enabled
WW | NZ | Skin Conditions,Topical Steroid Withdrawal,tsw naturopath,Exact,Enabled
WW | NZ | Skin Conditions,Topical Steroid Withdrawal,tsw naturopath nz,Phrase,Enabled
WW | NZ | Skin Conditions,Topical Steroid Withdrawal,tsw naturopath nz,Exact,Enabled
WW | NZ | Skin Conditions,Topical Steroid Withdrawal,steroid withdrawal skin support,Phrase,Enabled
WW | NZ | Skin Conditions,Topical Steroid Withdrawal,steroid withdrawal skin support,Exact,Enabled
WW | NZ | Skin Conditions,Topical Steroid Withdrawal,tsw natural treatment,Phrase,Enabled
WW | NZ | Skin Conditions,Topical Steroid Withdrawal,tsw natural treatment,Exact,Enabled
WW | NZ | Skin Conditions,Topical Steroid Withdrawal,tsw recovery support,Phrase,Enabled
WW | NZ | Skin Conditions,Topical Steroid Withdrawal,tsw recovery support,Exact,Enabled
WW | NZ | Skin Conditions,Topical Steroid Withdrawal,red skin syndrome naturopath,Phrase,Enabled
WW | NZ | Skin Conditions,Topical Steroid Withdrawal,red skin syndrome naturopath,Exact,Enabled
WW | NZ | Skin Conditions,Topical Steroid Withdrawal,topical steroid withdrawal naturopath nz,Phrase,Enabled
WW | NZ | Skin Conditions,Topical Steroid Withdrawal,topical steroid withdrawal naturopath nz,Exact,Enabled
WW | NZ | Skin Conditions,Topical Steroid Withdrawal,tsw support online,Phrase,Enabled
WW | NZ | Skin Conditions,Topical Steroid Withdrawal,tsw support online,Exact,Enabled
WW | NZ | Skin Conditions,Topical Steroid Withdrawal,tsw naturopath cost nz,Phrase,Enabled
WW | NZ | Skin Conditions,Topical Steroid Withdrawal,tsw naturopath cost nz,Exact,Enabled
WW | NZ | Skin Conditions,Topical Steroid Withdrawal,how much does a tsw naturopath cost,Phrase,Enabled
WW | NZ | Skin Conditions,Topical Steroid Withdrawal,how much does a tsw naturopath cost,Exact,Enabled
WW | NZ | Skin Conditions,Topical Steroid Withdrawal,tsw flare naturopath,Phrase,Enabled
WW | NZ | Skin Conditions,Topical Steroid Withdrawal,tsw flare naturopath,Exact,Enabled
WW | NZ | Skin Conditions,Topical Steroid Withdrawal,tsw naturopath reviews,Phrase,Enabled
WW | NZ | Skin Conditions,Topical Steroid Withdrawal,tsw naturopath reviews,Exact,Enabled
WW | NZ | Skin Conditions,Topical Steroid Withdrawal,red skin syndrome support nz,Phrase,Enabled
WW | NZ | Skin Conditions,Topical Steroid Withdrawal,red skin syndrome support nz,Exact,Enabled
WW | NZ | Skin Conditions,Topical Steroid Withdrawal,steroid cream withdrawal naturopath,Phrase,Enabled
WW | NZ | Skin Conditions,Topical Steroid Withdrawal,steroid cream withdrawal naturopath,Exact,Enabled
WW | NZ | Skin Conditions,Topical Steroid Withdrawal,tsw gut health naturopath,Phrase,Enabled
WW | NZ | Skin Conditions,Topical Steroid Withdrawal,tsw gut health naturopath,Exact,Enabled
WW | NZ | Skin Conditions,Topical Steroid Withdrawal,tsw immune support naturopath,Phrase,Enabled
WW | NZ | Skin Conditions,Topical Steroid Withdrawal,tsw immune support naturopath,Exact,Enabled
WW | NZ | Skin Conditions,Topical Steroid Withdrawal,tsw recovery naturopath nz,Phrase,Enabled
WW | NZ | Skin Conditions,Topical Steroid Withdrawal,tsw recovery naturopath nz,Exact,Enabled
WW | NZ | Skin Conditions,Topical Steroid Withdrawal,naturopath for skin after steroids,Phrase,Enabled
WW | NZ | Skin Conditions,Topical Steroid Withdrawal,naturopath for skin after steroids,Exact,Enabled
WW | NZ | Skin Conditions,Topical Steroid Withdrawal,tsw naturopath online consultation,Phrase,Enabled
WW | NZ | Skin Conditions,Topical Steroid Withdrawal,tsw naturopath online consultation,Exact,Enabled
WW | NZ | Skin Conditions,Topical Steroid Withdrawal,registered naturopath tsw nz,Phrase,Enabled
WW | NZ | Skin Conditions,Topical Steroid Withdrawal,registered naturopath tsw nz,Exact,Enabled
WW | NZ | Skin Conditions,Psoriasis,naturopath for psoriasis,Phrase,Enabled
WW | NZ | Skin Conditions,Psoriasis,naturopath for psoriasis,Exact,Enabled
WW | NZ | Skin Conditions,Psoriasis,psoriasis natural treatment,Phrase,Enabled
WW | NZ | Skin Conditions,Psoriasis,psoriasis natural treatment,Exact,Enabled
WW | NZ | Skin Conditions,Psoriasis,online psoriasis naturopath,Phrase,Enabled
WW | NZ | Skin Conditions,Psoriasis,online psoriasis naturopath,Exact,Enabled
WW | NZ | Skin Conditions,Psoriasis,psoriasis naturopath nz,Phrase,Enabled
WW | NZ | Skin Conditions,Psoriasis,psoriasis naturopath nz,Exact,Enabled
WW | NZ | Skin Conditions,Psoriasis,natural remedies for psoriasis,Phrase,Enabled
WW | NZ | Skin Conditions,Psoriasis,natural remedies for psoriasis,Exact,Enabled
WW | NZ | Skin Conditions,Psoriasis,psoriasis flare up naturopath,Phrase,Enabled
WW | NZ | Skin Conditions,Psoriasis,psoriasis flare up naturopath,Exact,Enabled
WW | NZ | Skin Conditions,Psoriasis,scalp psoriasis naturopath,Phrase,Enabled
WW | NZ | Skin Conditions,Psoriasis,scalp psoriasis naturopath,Exact,Enabled
WW | NZ | Skin Conditions,Psoriasis,psoriasis naturopath cost nz,Phrase,Enabled
WW | NZ | Skin Conditions,Psoriasis,psoriasis naturopath cost nz,Exact,Enabled
WW | NZ | Skin Conditions,Psoriasis,why does my psoriasis flare up,Phrase,Enabled
WW | NZ | Skin Conditions,Psoriasis,why does my psoriasis flare up,Exact,Enabled
WW | NZ | Skin Conditions,Psoriasis,psoriasis diet naturopath,Phrase,Enabled
WW | NZ | Skin Conditions,Psoriasis,psoriasis diet naturopath,Exact,Enabled
WW | NZ | Skin Conditions,Psoriasis,psoriasis gut health naturopath,Phrase,Enabled
WW | NZ | Skin Conditions,Psoriasis,psoriasis gut health naturopath,Exact,Enabled
WW | NZ | Skin Conditions,Psoriasis,psoriasis immune naturopath,Phrase,Enabled
WW | NZ | Skin Conditions,Psoriasis,psoriasis immune naturopath,Exact,Enabled
WW | NZ | Skin Conditions,Psoriasis,plaque psoriasis naturopath,Phrase,Enabled
WW | NZ | Skin Conditions,Psoriasis,plaque psoriasis naturopath,Exact,Enabled
WW | NZ | Skin Conditions,Psoriasis,psoriasis naturopath reviews nz,Phrase,Enabled
WW | NZ | Skin Conditions,Psoriasis,psoriasis naturopath reviews nz,Exact,Enabled
WW | NZ | Skin Conditions,Psoriasis,guttate psoriasis naturopath,Phrase,Enabled
WW | NZ | Skin Conditions,Psoriasis,guttate psoriasis naturopath,Exact,Enabled
WW | NZ | Skin Conditions,Psoriasis,psoriasis trigger naturopath,Phrase,Enabled
WW | NZ | Skin Conditions,Psoriasis,psoriasis trigger naturopath,Exact,Enabled
WW | NZ | Skin Conditions,Psoriasis,best online psoriasis naturopath,Phrase,Enabled
WW | NZ | Skin Conditions,Psoriasis,best online psoriasis naturopath,Exact,Enabled
WW | NZ | Skin Conditions,Psoriasis,registered naturopath psoriasis,Phrase,Enabled
WW | NZ | Skin Conditions,Psoriasis,registered naturopath psoriasis,Exact,Enabled
WW | NZ | Skin Conditions,Psoriasis,psoriasis naturopath consultation nz,Phrase,Enabled
WW | NZ | Skin Conditions,Psoriasis,psoriasis naturopath consultation nz,Exact,Enabled
WW | NZ | Skin Conditions,Acne,naturopath for acne,Phrase,Enabled
WW | NZ | Skin Conditions,Acne,naturopath for acne,Exact,Enabled
WW | NZ | Skin Conditions,Acne,natural acne treatment,Phrase,Enabled
WW | NZ | Skin Conditions,Acne,natural acne treatment,Exact,Enabled
WW | NZ | Skin Conditions,Acne,hormonal acne naturopath,Phrase,Enabled
WW | NZ | Skin Conditions,Acne,hormonal acne naturopath,Exact,Enabled
WW | NZ | Skin Conditions,Acne,acne naturopath nz,Phrase,Enabled
WW | NZ | Skin Conditions,Acne,acne naturopath nz,Exact,Enabled
WW | NZ | Skin Conditions,Acne,online acne specialist naturopath,Phrase,Enabled
WW | NZ | Skin Conditions,Acne,online acne specialist naturopath,Exact,Enabled
WW | NZ | Skin Conditions,Acne,adult acne natural treatment,Phrase,Enabled
WW | NZ | Skin Conditions,Acne,adult acne natural treatment,Exact,Enabled
WW | NZ | Skin Conditions,Acne,acne diet naturopath,Phrase,Enabled
WW | NZ | Skin Conditions,Acne,acne diet naturopath,Exact,Enabled
WW | NZ | Skin Conditions,Acne,acne naturopath cost nz,Phrase,Enabled
WW | NZ | Skin Conditions,Acne,acne naturopath cost nz,Exact,Enabled
WW | NZ | Skin Conditions,Acne,why wont my acne clear up,Phrase,Enabled
WW | NZ | Skin Conditions,Acne,why wont my acne clear up,Exact,Enabled
WW | NZ | Skin Conditions,Acne,cystic acne naturopath,Phrase,Enabled
WW | NZ | Skin Conditions,Acne,cystic acne naturopath,Exact,Enabled
WW | NZ | Skin Conditions,Acne,teenage acne naturopath,Phrase,Enabled
WW | NZ | Skin Conditions,Acne,teenage acne naturopath,Exact,Enabled
WW | NZ | Skin Conditions,Acne,hormonal acne naturopath nz,Phrase,Enabled
WW | NZ | Skin Conditions,Acne,hormonal acne naturopath nz,Exact,Enabled
WW | NZ | Skin Conditions,Acne,acne gut health naturopath,Phrase,Enabled
WW | NZ | Skin Conditions,Acne,acne gut health naturopath,Exact,Enabled
WW | NZ | Skin Conditions,Acne,pcos acne naturopath,Phrase,Enabled
WW | NZ | Skin Conditions,Acne,pcos acne naturopath,Exact,Enabled
WW | NZ | Skin Conditions,Acne,acne naturopath reviews,Phrase,Enabled
WW | NZ | Skin Conditions,Acne,acne naturopath reviews,Exact,Enabled
WW | NZ | Skin Conditions,Acne,best online acne naturopath nz,Phrase,Enabled
WW | NZ | Skin Conditions,Acne,best online acne naturopath nz,Exact,Enabled
WW | NZ | Skin Conditions,Acne,registered naturopath acne,Phrase,Enabled
WW | NZ | Skin Conditions,Acne,registered naturopath acne,Exact,Enabled
WW | NZ | Skin Conditions,Acne,acne naturopath consultation nz,Phrase,Enabled
WW | NZ | Skin Conditions,Acne,acne naturopath consultation nz,Exact,Enabled
WW | NZ | Skin Conditions,Acne,period acne naturopath,Phrase,Enabled
WW | NZ | Skin Conditions,Acne,period acne naturopath,Exact,Enabled
WW | NZ | Skin Conditions,Rosacea,naturopath for rosacea,Phrase,Enabled
WW | NZ | Skin Conditions,Rosacea,naturopath for rosacea,Exact,Enabled
WW | NZ | Skin Conditions,Rosacea,rosacea natural treatment,Phrase,Enabled
WW | NZ | Skin Conditions,Rosacea,rosacea natural treatment,Exact,Enabled
WW | NZ | Skin Conditions,Rosacea,rosacea naturopath nz,Phrase,Enabled
WW | NZ | Skin Conditions,Rosacea,rosacea naturopath nz,Exact,Enabled
WW | NZ | Skin Conditions,Rosacea,natural remedies for rosacea,Phrase,Enabled
WW | NZ | Skin Conditions,Rosacea,natural remedies for rosacea,Exact,Enabled
WW | NZ | Skin Conditions,Rosacea,online rosacea naturopath,Phrase,Enabled
WW | NZ | Skin Conditions,Rosacea,online rosacea naturopath,Exact,Enabled
WW | NZ | Skin Conditions,Rosacea,rosacea naturopath cost nz,Phrase,Enabled
WW | NZ | Skin Conditions,Rosacea,rosacea naturopath cost nz,Exact,Enabled
WW | NZ | Skin Conditions,Rosacea,what triggers rosacea flare ups,Phrase,Enabled
WW | NZ | Skin Conditions,Rosacea,what triggers rosacea flare ups,Exact,Enabled
WW | NZ | Skin Conditions,Rosacea,rosacea diet naturopath,Phrase,Enabled
WW | NZ | Skin Conditions,Rosacea,rosacea diet naturopath,Exact,Enabled
WW | NZ | Skin Conditions,Rosacea,rosacea gut health naturopath,Phrase,Enabled
WW | NZ | Skin Conditions,Rosacea,rosacea gut health naturopath,Exact,Enabled
WW | NZ | Skin Conditions,Rosacea,facial redness naturopath nz,Phrase,Enabled
WW | NZ | Skin Conditions,Rosacea,facial redness naturopath nz,Exact,Enabled
WW | NZ | Skin Conditions,Rosacea,rosacea naturopath reviews,Phrase,Enabled
WW | NZ | Skin Conditions,Rosacea,rosacea naturopath reviews,Exact,Enabled
WW | NZ | Skin Conditions,Rosacea,best online rosacea naturopath,Phrase,Enabled
WW | NZ | Skin Conditions,Rosacea,best online rosacea naturopath,Exact,Enabled
WW | NZ | Skin Conditions,Rosacea,registered naturopath rosacea,Phrase,Enabled
WW | NZ | Skin Conditions,Rosacea,registered naturopath rosacea,Exact,Enabled
WW | NZ | Skin Conditions,Rosacea,rosacea flare naturopath nz,Phrase,Enabled
WW | NZ | Skin Conditions,Rosacea,rosacea flare naturopath nz,Exact,Enabled
WW | NZ | Skin Conditions,Rosacea,rosacea immune naturopath,Phrase,Enabled
WW | NZ | Skin Conditions,Rosacea,rosacea immune naturopath,Exact,Enabled
WW | NZ | Skin Conditions,Rosacea,rosacea naturopath consultation,Phrase,Enabled
WW | NZ | Skin Conditions,Rosacea,rosacea naturopath consultation,Exact,Enabled
WW | NZ | Skin Conditions,Rosacea,calm rosacea naturally naturopath,Phrase,Enabled
WW | NZ | Skin Conditions,Rosacea,calm rosacea naturally naturopath,Exact,Enabled
WW | NZ | Skin Conditions,Skin Infections,naturopath for skin infections,Phrase,Enabled
WW | NZ | Skin Conditions,Skin Infections,naturopath for skin infections,Exact,Enabled
WW | NZ | Skin Conditions,Skin Infections,recurring skin infections naturopath,Phrase,Enabled
WW | NZ | Skin Conditions,Skin Infections,recurring skin infections naturopath,Exact,Enabled
WW | NZ | Skin Conditions,Skin Infections,natural skin infection support,Phrase,Enabled
WW | NZ | Skin Conditions,Skin Infections,natural skin infection support,Exact,Enabled
WW | NZ | Skin Conditions,Skin Infections,skin infection naturopath nz,Phrase,Enabled
WW | NZ | Skin Conditions,Skin Infections,skin infection naturopath nz,Exact,Enabled
WW | NZ | Skin Conditions,Skin Infections,naturopath chronic urticaria,Phrase,Enabled
WW | NZ | Skin Conditions,Skin Infections,naturopath chronic urticaria,Exact,Enabled
WW | NZ | Skin Conditions,Skin Infections,skin infection naturopath cost nz,Phrase,Enabled
WW | NZ | Skin Conditions,Skin Infections,skin infection naturopath cost nz,Exact,Enabled
WW | NZ | Skin Conditions,Skin Infections,why do i keep getting skin infections,Phrase,Enabled
WW | NZ | Skin Conditions,Skin Infections,why do i keep getting skin infections,Exact,Enabled
WW | NZ | Skin Conditions,Skin Infections,recurring boils naturopath,Phrase,Enabled
WW | NZ | Skin Conditions,Skin Infections,recurring boils naturopath,Exact,Enabled
WW | NZ | Skin Conditions,Skin Infections,immune system skin naturopath,Phrase,Enabled
WW | NZ | Skin Conditions,Skin Infections,immune system skin naturopath,Exact,Enabled
WW | NZ | Skin Conditions,Skin Infections,chronic hives naturopath nz,Phrase,Enabled
WW | NZ | Skin Conditions,Skin Infections,chronic hives naturopath nz,Exact,Enabled
WW | NZ | Skin Conditions,Skin Infections,skin infection naturopath reviews,Phrase,Enabled
WW | NZ | Skin Conditions,Skin Infections,skin infection naturopath reviews,Exact,Enabled
WW | NZ | Skin Conditions,Skin Infections,best online skin naturopath nz,Phrase,Enabled
WW | NZ | Skin Conditions,Skin Infections,best online skin naturopath nz,Exact,Enabled
WW | NZ | Skin Conditions,Skin Infections,registered naturopath skin infections,Phrase,Enabled
WW | NZ | Skin Conditions,Skin Infections,registered naturopath skin infections,Exact,Enabled
WW | NZ | Skin Conditions,Skin Infections,recurring skin infection naturopath nz,Phrase,Enabled
WW | NZ | Skin Conditions,Skin Infections,recurring skin infection naturopath nz,Exact,Enabled
WW | NZ | Skin Conditions,Skin Infections,skin infection gut health naturopath,Phrase,Enabled
WW | NZ | Skin Conditions,Skin Infections,skin infection gut health naturopath,Exact,Enabled
WW | NZ | Skin Conditions,Skin Infections,staph skin naturopath,Phrase,Enabled
WW | NZ | Skin Conditions,Skin Infections,staph skin naturopath,Exact,Enabled
WW | NZ | Skin Conditions,Skin Infections,naturopath immune skin support,Phrase,Enabled
WW | NZ | Skin Conditions,Skin Infections,naturopath immune skin support,Exact,Enabled
WW | AU | Online Naturopath,Online Naturopath Consult AU,online naturopath,Phrase,Enabled
WW | AU | Online Naturopath,Online Naturopath Consult AU,online naturopath,Exact,Enabled
WW | AU | Online Naturopath,Online Naturopath Consult AU,online naturopath australia,Phrase,Enabled
WW | AU | Online Naturopath,Online Naturopath Consult AU,online naturopath australia,Exact,Enabled
WW | AU | Online Naturopath,Online Naturopath Consult AU,online naturopath consult,Phrase,Enabled
WW | AU | Online Naturopath,Online Naturopath Consult AU,online naturopath consult,Exact,Enabled
WW | AU | Online Naturopath,Online Naturopath Consult AU,online naturopath consultation,Phrase,Enabled
WW | AU | Online Naturopath,Online Naturopath Consult AU,online naturopath consultation,Exact,Enabled
WW | AU | Online Naturopath,Online Naturopath Consult AU,naturopath online,Phrase,Enabled
WW | AU | Online Naturopath,Online Naturopath Consult AU,naturopath online,Exact,Enabled
WW | AU | Online Naturopath,Online Naturopath Consult AU,naturopath online australia,Phrase,Enabled
WW | AU | Online Naturopath,Online Naturopath Consult AU,naturopath online australia,Exact,Enabled
WW | AU | Online Naturopath,Online Naturopath Consult AU,naturopath online consultation,Phrase,Enabled
WW | AU | Online Naturopath,Online Naturopath Consult AU,naturopath online consultation,Exact,Enabled
WW | AU | Online Naturopath,Online Naturopath Consult AU,virtual naturopath,Phrase,Enabled
WW | AU | Online Naturopath,Online Naturopath Consult AU,virtual naturopath,Exact,Enabled
WW | AU | Online Naturopath,Online Naturopath Consult AU,virtual naturopath australia,Phrase,Enabled
WW | AU | Online Naturopath,Online Naturopath Consult AU,virtual naturopath australia,Exact,Enabled
WW | AU | Online Naturopath,Online Naturopath Consult AU,telehealth naturopath,Phrase,Enabled
WW | AU | Online Naturopath,Online Naturopath Consult AU,telehealth naturopath,Exact,Enabled
WW | AU | Online Naturopath,Online Naturopath Consult AU,telehealth naturopath australia,Phrase,Enabled
WW | AU | Online Naturopath,Online Naturopath Consult AU,telehealth naturopath australia,Exact,Enabled
WW | AU | Online Naturopath,Online Naturopath Consult AU,naturopath video consultation,Phrase,Enabled
WW | AU | Online Naturopath,Online Naturopath Consult AU,naturopath video consultation,Exact,Enabled
WW | AU | Online Naturopath,Online Naturopath Consult AU,naturopath video call,Phrase,Enabled
WW | AU | Online Naturopath,Online Naturopath Consult AU,naturopath video call,Exact,Enabled
WW | AU | Online Naturopath,Online Naturopath Consult AU,book naturopath online,Phrase,Enabled
WW | AU | Online Naturopath,Online Naturopath Consult AU,book naturopath online,Exact,Enabled
WW | AU | Online Naturopath,Online Naturopath Consult AU,see a naturopath online,Phrase,Enabled
WW | AU | Online Naturopath,Online Naturopath Consult AU,see a naturopath online,Exact,Enabled
WW | AU | Online Naturopath,Online Naturopath Consult AU,online naturopathic consultation,Phrase,Enabled
WW | AU | Online Naturopath,Online Naturopath Consult AU,online naturopathic consultation,Exact,Enabled
WW | AU | Online Naturopath,Online Naturopath Consult AU,qualified naturopath online,Phrase,Enabled
WW | AU | Online Naturopath,Online Naturopath Consult AU,qualified naturopath online,Exact,Enabled
WW | AU | Online Naturopath,Online Naturopath Consult AU,best online naturopath australia,Phrase,Enabled
WW | AU | Online Naturopath,Online Naturopath Consult AU,best online naturopath australia,Exact,Enabled
WW | AU | Online Naturopath,Online Naturopath Consult AU,naturopath consultation online australia,Phrase,Enabled
WW | AU | Online Naturopath,Online Naturopath Consult AU,naturopath consultation online australia,Exact,Enabled
WW | AU | Online Naturopath,Online Naturopath Consult AU,online naturopath session australia,Phrase,Enabled
WW | AU | Online Naturopath,Online Naturopath Consult AU,online naturopath session australia,Exact,Enabled
WW | AU | Online Naturopath,Online Naturopath Consult AU,naturopath telehealth booking australia,Phrase,Enabled
WW | AU | Online Naturopath,Online Naturopath Consult AU,naturopath telehealth booking australia,Exact,Enabled
WW | AU | Online Naturopath,Online Naturopath Consult AU,online naturopath reviews australia,Phrase,Enabled
WW | AU | Online Naturopath,Online Naturopath Consult AU,online naturopath reviews australia,Exact,Enabled
WW | AU | Online Naturopath,Online Naturopath Consult AU,online naturopath cost australia,Phrase,Enabled
WW | AU | Online Naturopath,Online Naturopath Consult AU,online naturopath cost australia,Exact,Enabled
WW | AU | Online Naturopath,Online Naturopath Consult AU,naturopath consultation price australia,Phrase,Enabled
WW | AU | Online Naturopath,Online Naturopath Consult AU,naturopath consultation price australia,Exact,Enabled
WW | AU | Online Naturopath,Online Naturopath Consult AU,how much is an online naturopath consult,Phrase,Enabled
WW | AU | Online Naturopath,Online Naturopath Consult AU,how much is an online naturopath consult,Exact,Enabled
WW | AU | Online Naturopath,Online Naturopath Consult AU,naturopath vs gp australia,Phrase,Enabled
WW | AU | Online Naturopath,Online Naturopath Consult AU,naturopath vs gp australia,Exact,Enabled
WW | AU | Online Naturopath,Online Naturopath Consult AU,is a naturopath worth it,Phrase,Enabled
WW | AU | Online Naturopath,Online Naturopath Consult AU,is a naturopath worth it,Exact,Enabled
WW | AU | Online Naturopath,Online Naturopath Consult AU,registered naturopath online australia,Phrase,Enabled
WW | AU | Online Naturopath,Online Naturopath Consult AU,registered naturopath online australia,Exact,Enabled
WW | AU | Online Naturopath,Online Naturopath Consult AU,medical herbalist online australia,Phrase,Enabled
WW | AU | Online Naturopath,Online Naturopath Consult AU,medical herbalist online australia,Exact,Enabled
WW | AU | Online Naturopath,Online Naturopath Consult AU,naturopath zoom consultation,Phrase,Enabled
WW | AU | Online Naturopath,Online Naturopath Consult AU,naturopath zoom consultation,Exact,Enabled
WW | AU | Online Naturopath,Online Naturopath Consult AU,video naturopath appointment australia,Phrase,Enabled
WW | AU | Online Naturopath,Online Naturopath Consult AU,video naturopath appointment australia,Exact,Enabled
WW | AU | Online Naturopath,Online Naturopath Consult AU,5 star naturopath australia,Phrase,Enabled
WW | AU | Online Naturopath,Online Naturopath Consult AU,5 star naturopath australia,Exact,Enabled
WW | AU | Online Naturopath,Online Naturopath Consult AU,book a naturopath appointment online,Phrase,Enabled
WW | AU | Online Naturopath,Online Naturopath Consult AU,book a naturopath appointment online,Exact,Enabled
WW | AU | Online Naturopath,Online Naturopath Consult AU,online holistic health consultation australia,Phrase,Enabled
WW | AU | Online Naturopath,Online Naturopath Consult AU,online holistic health consultation australia,Exact,Enabled
WW | AU | Online Naturopath,Online Naturopath Consult AU,naturopath consultation length australia,Phrase,Enabled
WW | AU | Online Naturopath,Online Naturopath Consult AU,naturopath consultation length australia,Exact,Enabled
WW | AU | Online Naturopath,Online Naturopath Consult AU,initial naturopath consultation australia,Phrase,Enabled
WW | AU | Online Naturopath,Online Naturopath Consult AU,initial naturopath consultation australia,Exact,Enabled
WW | AU | Online Naturopath,General Naturopathy AU,naturopath sydney,Phrase,Enabled
WW | AU | Online Naturopath,General Naturopathy AU,naturopath sydney,Exact,Enabled
WW | AU | Online Naturopath,General Naturopathy AU,naturopath melbourne,Phrase,Enabled
WW | AU | Online Naturopath,General Naturopathy AU,naturopath melbourne,Exact,Enabled
WW | AU | Online Naturopath,General Naturopathy AU,naturopath brisbane,Phrase,Enabled
WW | AU | Online Naturopath,General Naturopathy AU,naturopath brisbane,Exact,Enabled
WW | AU | Online Naturopath,General Naturopathy AU,naturopath perth,Phrase,Enabled
WW | AU | Online Naturopath,General Naturopathy AU,naturopath perth,Exact,Enabled
WW | AU | Online Naturopath,General Naturopathy AU,naturopath adelaide,Phrase,Enabled
WW | AU | Online Naturopath,General Naturopathy AU,naturopath adelaide,Exact,Enabled
WW | AU | Online Naturopath,General Naturopathy AU,holistic health practitioner australia,Phrase,Enabled
WW | AU | Online Naturopath,General Naturopathy AU,holistic health practitioner australia,Exact,Enabled
WW | AU | Online Naturopath,General Naturopathy AU,nz naturopath for australians,Phrase,Enabled
WW | AU | Online Naturopath,General Naturopathy AU,nz naturopath for australians,Exact,Enabled
WW | AU | Online Naturopath,General Naturopathy AU,naturopath canberra,Phrase,Enabled
WW | AU | Online Naturopath,General Naturopathy AU,naturopath canberra,Exact,Enabled
WW | AU | Online Naturopath,General Naturopathy AU,naturopath gold coast,Phrase,Enabled
WW | AU | Online Naturopath,General Naturopathy AU,naturopath gold coast,Exact,Enabled
WW | AU | Online Naturopath,General Naturopathy AU,naturopath hobart,Phrase,Enabled
WW | AU | Online Naturopath,General Naturopathy AU,naturopath hobart,Exact,Enabled
WW | AU | Online Naturopath,General Naturopathy AU,naturopath darwin,Phrase,Enabled
WW | AU | Online Naturopath,General Naturopathy AU,naturopath darwin,Exact,Enabled
WW | AU | Online Naturopath,General Naturopathy AU,whole body naturopath australia,Phrase,Enabled
WW | AU | Online Naturopath,General Naturopathy AU,whole body naturopath australia,Exact,Enabled
WW | AU | Online Naturopath,General Naturopathy AU,holistic naturopath online australia,Phrase,Enabled
WW | AU | Online Naturopath,General Naturopathy AU,holistic naturopath online australia,Exact,Enabled
WW | AU | Online Naturopath,General Naturopathy AU,naturopath consultation australia,Phrase,Enabled
WW | AU | Online Naturopath,General Naturopathy AU,naturopath consultation australia,Exact,Enabled
WW | AU | Online Naturopath,General Naturopathy AU,online naturopath for australians,Phrase,Enabled
WW | AU | Online Naturopath,General Naturopathy AU,online naturopath for australians,Exact,Enabled
WW | AU | Online Naturopath,General Naturopathy AU,natural health practitioner online australia,Phrase,Enabled
WW | AU | Online Naturopath,General Naturopathy AU,natural health practitioner online australia,Exact,Enabled
WW | AU | Online Naturopath,Gut & Digestive Health AU,naturopath for gut health australia,Phrase,Enabled
WW | AU | Online Naturopath,Gut & Digestive Health AU,naturopath for gut health australia,Exact,Enabled
WW | AU | Online Naturopath,Gut & Digestive Health AU,gut health naturopath online australia,Phrase,Enabled
WW | AU | Online Naturopath,Gut & Digestive Health AU,gut health naturopath online australia,Exact,Enabled
WW | AU | Online Naturopath,Gut & Digestive Health AU,naturopath for bloating australia,Phrase,Enabled
WW | AU | Online Naturopath,Gut & Digestive Health AU,naturopath for bloating australia,Exact,Enabled
WW | AU | Online Naturopath,Gut & Digestive Health AU,food intolerance naturopath australia,Phrase,Enabled
WW | AU | Online Naturopath,Gut & Digestive Health AU,food intolerance naturopath australia,Exact,Enabled
WW | AU | Online Naturopath,Gut & Digestive Health AU,ibs natural support australia,Phrase,Enabled
WW | AU | Online Naturopath,Gut & Digestive Health AU,ibs natural support australia,Exact,Enabled
WW | AU | Online Naturopath,Gut & Digestive Health AU,digestive health naturopath online,Phrase,Enabled
WW | AU | Online Naturopath,Gut & Digestive Health AU,digestive health naturopath online,Exact,Enabled
WW | AU | Online Naturopath,Gut & Digestive Health AU,ibs naturopath australia,Phrase,Enabled
WW | AU | Online Naturopath,Gut & Digestive Health AU,ibs naturopath australia,Exact,Enabled
WW | AU | Online Naturopath,Gut & Digestive Health AU,leaky gut naturopath australia,Phrase,Enabled
WW | AU | Online Naturopath,Gut & Digestive Health AU,leaky gut naturopath australia,Exact,Enabled
WW | AU | Online Naturopath,Gut & Digestive Health AU,gut health testing australia,Phrase,Enabled
WW | AU | Online Naturopath,Gut & Digestive Health AU,gut health testing australia,Exact,Enabled
WW | AU | Online Naturopath,Gut & Digestive Health AU,functional gut testing naturopath,Phrase,Enabled
WW | AU | Online Naturopath,Gut & Digestive Health AU,functional gut testing naturopath,Exact,Enabled
WW | AU | Online Naturopath,Gut & Digestive Health AU,naturopath for constipation australia,Phrase,Enabled
WW | AU | Online Naturopath,Gut & Digestive Health AU,naturopath for constipation australia,Exact,Enabled
WW | AU | Online Naturopath,Gut & Digestive Health AU,naturopath for reflux australia,Phrase,Enabled
WW | AU | Online Naturopath,Gut & Digestive Health AU,naturopath for reflux australia,Exact,Enabled
WW | AU | Online Naturopath,Gut & Digestive Health AU,bloating naturopath online,Phrase,Enabled
WW | AU | Online Naturopath,Gut & Digestive Health AU,bloating naturopath online,Exact,Enabled
WW | AU | Online Naturopath,Hormones & Women's Health AU,naturopath for hormones australia,Phrase,Enabled
WW | AU | Online Naturopath,Hormones & Women's Health AU,naturopath for hormones australia,Exact,Enabled
WW | AU | Online Naturopath,Hormones & Women's Health AU,hormone balance support naturopath,Phrase,Enabled
WW | AU | Online Naturopath,Hormones & Women's Health AU,hormone balance support naturopath,Exact,Enabled
WW | AU | Online Naturopath,Hormones & Women's Health AU,naturopath for pms australia,Phrase,Enabled
WW | AU | Online Naturopath,Hormones & Women's Health AU,naturopath for pms australia,Exact,Enabled
WW | AU | Online Naturopath,Hormones & Women's Health AU,menopause support naturopath online,Phrase,Enabled
WW | AU | Online Naturopath,Hormones & Women's Health AU,menopause support naturopath online,Exact,Enabled
WW | AU | Online Naturopath,Hormones & Women's Health AU,naturopath for hormonal acne australia,Phrase,Enabled
WW | AU | Online Naturopath,Hormones & Women's Health AU,naturopath for hormonal acne australia,Exact,Enabled
WW | AU | Online Naturopath,Hormones & Women's Health AU,perimenopause naturopath australia,Phrase,Enabled
WW | AU | Online Naturopath,Hormones & Women's Health AU,perimenopause naturopath australia,Exact,Enabled
WW | AU | Online Naturopath,Hormones & Women's Health AU,naturopath for irregular periods australia,Phrase,Enabled
WW | AU | Online Naturopath,Hormones & Women's Health AU,naturopath for irregular periods australia,Exact,Enabled
WW | AU | Online Naturopath,Hormones & Women's Health AU,naturopath for period pain australia,Phrase,Enabled
WW | AU | Online Naturopath,Hormones & Women's Health AU,naturopath for period pain australia,Exact,Enabled
WW | AU | Online Naturopath,Hormones & Women's Health AU,womens hormone naturopath online,Phrase,Enabled
WW | AU | Online Naturopath,Hormones & Women's Health AU,womens hormone naturopath online,Exact,Enabled
WW | AU | Online Naturopath,Hormones & Women's Health AU,naturopath for mood and hormones australia,Phrase,Enabled
WW | AU | Online Naturopath,Hormones & Women's Health AU,naturopath for mood and hormones australia,Exact,Enabled
WW | AU | Online Naturopath,Fatigue & Energy AU,naturopath for fatigue australia,Phrase,Enabled
WW | AU | Online Naturopath,Fatigue & Energy AU,naturopath for fatigue australia,Exact,Enabled
WW | AU | Online Naturopath,Fatigue & Energy AU,low energy naturopath online australia,Phrase,Enabled
WW | AU | Online Naturopath,Fatigue & Energy AU,low energy naturopath online australia,Exact,Enabled
WW | AU | Online Naturopath,Fatigue & Energy AU,naturopath for tiredness australia,Phrase,Enabled
WW | AU | Online Naturopath,Fatigue & Energy AU,naturopath for tiredness australia,Exact,Enabled
WW | AU | Online Naturopath,Fatigue & Energy AU,energy levels naturopath australia,Phrase,Enabled
WW | AU | Online Naturopath,Fatigue & Energy AU,energy levels naturopath australia,Exact,Enabled
WW | AU | Online Naturopath,Fatigue & Energy AU,naturopath for burnout australia,Phrase,Enabled
WW | AU | Online Naturopath,Fatigue & Energy AU,naturopath for burnout australia,Exact,Enabled
WW | AU | Online Naturopath,Fatigue & Energy AU,adrenal support naturopath australia,Phrase,Enabled
WW | AU | Online Naturopath,Fatigue & Energy AU,adrenal support naturopath australia,Exact,Enabled
WW | AU | Online Naturopath,Fatigue & Energy AU,naturopath for exhaustion australia,Phrase,Enabled
WW | AU | Online Naturopath,Fatigue & Energy AU,naturopath for exhaustion australia,Exact,Enabled
WW | AU | Online Naturopath,Fatigue & Energy AU,energy and fatigue naturopath online,Phrase,Enabled
WW | AU | Online Naturopath,Fatigue & Energy AU,energy and fatigue naturopath online,Exact,Enabled
WW | AU | Skin Conditions,Eczema AU,naturopath for eczema,Phrase,Enabled
WW | AU | Skin Conditions,Eczema AU,naturopath for eczema,Exact,Enabled
WW | AU | Skin Conditions,Eczema AU,eczema naturopath,Phrase,Enabled
WW | AU | Skin Conditions,Eczema AU,eczema naturopath,Exact,Enabled
WW | AU | Skin Conditions,Eczema AU,naturopath for eczema australia,Phrase,Enabled
WW | AU | Skin Conditions,Eczema AU,naturopath for eczema australia,Exact,Enabled
WW | AU | Skin Conditions,Eczema AU,eczema naturopath online,Phrase,Enabled
WW | AU | Skin Conditions,Eczema AU,eczema naturopath online,Exact,Enabled
WW | AU | Skin Conditions,Eczema AU,eczema natural treatment,Phrase,Enabled
WW | AU | Skin Conditions,Eczema AU,eczema natural treatment,Exact,Enabled
WW | AU | Skin Conditions,Eczema AU,natural eczema help,Phrase,Enabled
WW | AU | Skin Conditions,Eczema AU,natural eczema help,Exact,Enabled
WW | AU | Skin Conditions,Eczema AU,online eczema specialist,Phrase,Enabled
WW | AU | Skin Conditions,Eczema AU,online eczema specialist,Exact,Enabled
WW | AU | Skin Conditions,Eczema AU,eczema naturopath online australia,Phrase,Enabled
WW | AU | Skin Conditions,Eczema AU,eczema naturopath online australia,Exact,Enabled
WW | AU | Skin Conditions,Eczema AU,natural remedies for eczema australia,Phrase,Enabled
WW | AU | Skin Conditions,Eczema AU,natural remedies for eczema australia,Exact,Enabled
WW | AU | Skin Conditions,Eczema AU,eczema support naturopath australia,Phrase,Enabled
WW | AU | Skin Conditions,Eczema AU,eczema support naturopath australia,Exact,Enabled
WW | AU | Skin Conditions,Eczema AU,eczema naturopath cost australia,Phrase,Enabled
WW | AU | Skin Conditions,Eczema AU,eczema naturopath cost australia,Exact,Enabled
WW | AU | Skin Conditions,Eczema AU,why wont my eczema go away,Phrase,Enabled
WW | AU | Skin Conditions,Eczema AU,why wont my eczema go away,Exact,Enabled
WW | AU | Skin Conditions,Eczema AU,eczema gut health connection australia,Phrase,Enabled
WW | AU | Skin Conditions,Eczema AU,eczema gut health connection australia,Exact,Enabled
WW | AU | Skin Conditions,Eczema AU,eczema flare up naturopath,Phrase,Enabled
WW | AU | Skin Conditions,Eczema AU,eczema flare up naturopath,Exact,Enabled
WW | AU | Skin Conditions,Eczema AU,adult eczema naturopath australia,Phrase,Enabled
WW | AU | Skin Conditions,Eczema AU,adult eczema naturopath australia,Exact,Enabled
WW | AU | Skin Conditions,Eczema AU,registered naturopath eczema australia,Phrase,Enabled
WW | AU | Skin Conditions,Eczema AU,registered naturopath eczema australia,Exact,Enabled
WW | AU | Skin Conditions,Eczema AU,eczema telehealth australia,Phrase,Enabled
WW | AU | Skin Conditions,Eczema AU,eczema telehealth australia,Exact,Enabled
WW | AU | Skin Conditions,Eczema AU,naturopath for chronic eczema,Phrase,Enabled
WW | AU | Skin Conditions,Eczema AU,naturopath for chronic eczema,Exact,Enabled
WW | AU | Skin Conditions,Eczema AU,best online naturopath for eczema,Phrase,Enabled
WW | AU | Skin Conditions,Eczema AU,best online naturopath for eczema,Exact,Enabled
WW | AU | Skin Conditions,Eczema AU,eczema naturopath consultation australia,Phrase,Enabled
WW | AU | Skin Conditions,Eczema AU,eczema naturopath consultation australia,Exact,Enabled
WW | AU | Skin Conditions,TSW AU,tsw naturopath,Phrase,Enabled
WW | AU | Skin Conditions,TSW AU,tsw naturopath,Exact,Enabled
WW | AU | Skin Conditions,TSW AU,topical steroid withdrawal help,Phrase,Enabled
WW | AU | Skin Conditions,TSW AU,topical steroid withdrawal help,Exact,Enabled
WW | AU | Skin Conditions,TSW AU,topical steroid withdrawal support,Phrase,Enabled
WW | AU | Skin Conditions,TSW AU,topical steroid withdrawal support,Exact,Enabled
WW | AU | Skin Conditions,TSW AU,tsw natural treatment,Phrase,Enabled
WW | AU | Skin Conditions,TSW AU,tsw natural treatment,Exact,Enabled
WW | AU | Skin Conditions,TSW AU,steroid withdrawal skin support,Phrase,Enabled
WW | AU | Skin Conditions,TSW AU,steroid withdrawal skin support,Exact,Enabled
WW | AU | Skin Conditions,TSW AU,tsw support australia,Phrase,Enabled
WW | AU | Skin Conditions,TSW AU,tsw support australia,Exact,Enabled
WW | AU | Skin Conditions,TSW AU,tsw recovery support australia,Phrase,Enabled
WW | AU | Skin Conditions,TSW AU,tsw recovery support australia,Exact,Enabled
WW | AU | Skin Conditions,TSW AU,red skin syndrome naturopath australia,Phrase,Enabled
WW | AU | Skin Conditions,TSW AU,red skin syndrome naturopath australia,Exact,Enabled
WW | AU | Skin Conditions,TSW AU,topical steroid withdrawal naturopath australia,Phrase,Enabled
WW | AU | Skin Conditions,TSW AU,topical steroid withdrawal naturopath australia,Exact,Enabled
WW | AU | Skin Conditions,TSW AU,tsw naturopath australia,Phrase,Enabled
WW | AU | Skin Conditions,TSW AU,tsw naturopath australia,Exact,Enabled
WW | AU | Skin Conditions,TSW AU,topical steroid withdrawal telehealth,Phrase,Enabled
WW | AU | Skin Conditions,TSW AU,topical steroid withdrawal telehealth,Exact,Enabled
WW | AU | Skin Conditions,TSW AU,tsw flare naturopath,Phrase,Enabled
WW | AU | Skin Conditions,TSW AU,tsw flare naturopath,Exact,Enabled
WW | AU | Skin Conditions,TSW AU,steroid cream withdrawal naturopath australia,Phrase,Enabled
WW | AU | Skin Conditions,TSW AU,steroid cream withdrawal naturopath australia,Exact,Enabled
WW | AU | Skin Conditions,TSW AU,tsw naturopath consultation,Phrase,Enabled
WW | AU | Skin Conditions,TSW AU,tsw naturopath consultation,Exact,Enabled
WW | AU | Skin Conditions,TSW AU,red skin syndrome support australia,Phrase,Enabled
WW | AU | Skin Conditions,TSW AU,red skin syndrome support australia,Exact,Enabled
WW | AU | Skin Conditions,TSW AU,tsw naturopath online australia,Phrase,Enabled
WW | AU | Skin Conditions,TSW AU,tsw naturopath online australia,Exact,Enabled
WW | AU | Skin Conditions,TSW AU,long term steroid cream withdrawal support,Phrase,Enabled
WW | AU | Skin Conditions,TSW AU,long term steroid cream withdrawal support,Exact,Enabled
WW | AU | Skin Conditions,TSW AU,naturopath experienced with tsw,Phrase,Enabled
WW | AU | Skin Conditions,TSW AU,naturopath experienced with tsw,Exact,Enabled
WW | AU | Skin Conditions,Psoriasis AU,naturopath for psoriasis,Phrase,Enabled
WW | AU | Skin Conditions,Psoriasis AU,naturopath for psoriasis,Exact,Enabled
WW | AU | Skin Conditions,Psoriasis AU,psoriasis natural treatment australia,Phrase,Enabled
WW | AU | Skin Conditions,Psoriasis AU,psoriasis natural treatment australia,Exact,Enabled
WW | AU | Skin Conditions,Psoriasis AU,psoriasis naturopath online,Phrase,Enabled
WW | AU | Skin Conditions,Psoriasis AU,psoriasis naturopath online,Exact,Enabled
WW | AU | Skin Conditions,Psoriasis AU,natural remedies for psoriasis australia,Phrase,Enabled
WW | AU | Skin Conditions,Psoriasis AU,natural remedies for psoriasis australia,Exact,Enabled
WW | AU | Skin Conditions,Psoriasis AU,psoriasis naturopath cost australia,Phrase,Enabled
WW | AU | Skin Conditions,Psoriasis AU,psoriasis naturopath cost australia,Exact,Enabled
WW | AU | Skin Conditions,Psoriasis AU,psoriasis flare up naturopath,Phrase,Enabled
WW | AU | Skin Conditions,Psoriasis AU,psoriasis flare up naturopath,Exact,Enabled
WW | AU | Skin Conditions,Psoriasis AU,psoriasis immune connection australia,Phrase,Enabled
WW | AU | Skin Conditions,Psoriasis AU,psoriasis immune connection australia,Exact,Enabled
WW | AU | Skin Conditions,Psoriasis AU,registered naturopath psoriasis australia,Phrase,Enabled
WW | AU | Skin Conditions,Psoriasis AU,registered naturopath psoriasis australia,Exact,Enabled
WW | AU | Skin Conditions,Psoriasis AU,psoriasis telehealth naturopath australia,Phrase,Enabled
WW | AU | Skin Conditions,Psoriasis AU,psoriasis telehealth naturopath australia,Exact,Enabled
WW | AU | Skin Conditions,Psoriasis AU,scalp psoriasis naturopath australia,Phrase,Enabled
WW | AU | Skin Conditions,Psoriasis AU,scalp psoriasis naturopath australia,Exact,Enabled
WW | AU | Skin Conditions,Acne AU,naturopath for acne,Phrase,Enabled
WW | AU | Skin Conditions,Acne AU,naturopath for acne,Exact,Enabled
WW | AU | Skin Conditions,Acne AU,natural acne treatment australia,Phrase,Enabled
WW | AU | Skin Conditions,Acne AU,natural acne treatment australia,Exact,Enabled
WW | AU | Skin Conditions,Acne AU,hormonal acne naturopath australia,Phrase,Enabled
WW | AU | Skin Conditions,Acne AU,hormonal acne naturopath australia,Exact,Enabled
WW | AU | Skin Conditions,Acne AU,acne naturopath online australia,Phrase,Enabled
WW | AU | Skin Conditions,Acne AU,acne naturopath online australia,Exact,Enabled
WW | AU | Skin Conditions,Acne AU,adult acne naturopath australia,Phrase,Enabled
WW | AU | Skin Conditions,Acne AU,adult acne naturopath australia,Exact,Enabled
WW | AU | Skin Conditions,Acne AU,acne naturopath cost australia,Phrase,Enabled
WW | AU | Skin Conditions,Acne AU,acne naturopath cost australia,Exact,Enabled
WW | AU | Skin Conditions,Acne AU,hormonal acne naturopath online,Phrase,Enabled
WW | AU | Skin Conditions,Acne AU,hormonal acne naturopath online,Exact,Enabled
WW | AU | Skin Conditions,Acne AU,cystic acne naturopath australia,Phrase,Enabled
WW | AU | Skin Conditions,Acne AU,cystic acne naturopath australia,Exact,Enabled
WW | AU | Skin Conditions,Acne AU,acne telehealth naturopath australia,Phrase,Enabled
WW | AU | Skin Conditions,Acne AU,acne telehealth naturopath australia,Exact,Enabled
WW | AU | Skin Conditions,Acne AU,registered naturopath acne australia,Phrase,Enabled
WW | AU | Skin Conditions,Acne AU,registered naturopath acne australia,Exact,Enabled
WW | AU | Skin Conditions,Rosacea AU,naturopath for rosacea,Phrase,Enabled
WW | AU | Skin Conditions,Rosacea AU,naturopath for rosacea,Exact,Enabled
WW | AU | Skin Conditions,Rosacea AU,rosacea natural treatment australia,Phrase,Enabled
WW | AU | Skin Conditions,Rosacea AU,rosacea natural treatment australia,Exact,Enabled
WW | AU | Skin Conditions,Rosacea AU,rosacea naturopath online,Phrase,Enabled
WW | AU | Skin Conditions,Rosacea AU,rosacea naturopath online,Exact,Enabled
WW | AU | Skin Conditions,Rosacea AU,rosacea trigger naturopath australia,Phrase,Enabled
WW | AU | Skin Conditions,Rosacea AU,rosacea trigger naturopath australia,Exact,Enabled
WW | AU | Skin Conditions,Rosacea AU,rosacea flare up naturopath,Phrase,Enabled
WW | AU | Skin Conditions,Rosacea AU,rosacea flare up naturopath,Exact,Enabled
WW | AU | Skin Conditions,Rosacea AU,rosacea naturopath cost australia,Phrase,Enabled
WW | AU | Skin Conditions,Rosacea AU,rosacea naturopath cost australia,Exact,Enabled
WW | AU | Skin Conditions,Rosacea AU,registered naturopath rosacea australia,Phrase,Enabled
WW | AU | Skin Conditions,Rosacea AU,registered naturopath rosacea australia,Exact,Enabled
WW | AU | Skin Conditions,Rosacea AU,rosacea telehealth naturopath australia,Phrase,Enabled
WW | AU | Skin Conditions,Rosacea AU,rosacea telehealth naturopath australia,Exact,Enabled
WW | AU | Skin Conditions,Rosacea AU,facial redness naturopath australia,Phrase,Enabled
WW | AU | Skin Conditions,Rosacea AU,facial redness naturopath australia,Exact,Enabled
WW | AU | Skin Conditions,Rosacea AU,rosacea naturopath consultation,Phrase,Enabled
WW | AU | Skin Conditions,Rosacea AU,rosacea naturopath consultation,Exact,Enabled
WW | AU | Skin Conditions,Skin Infections AU,naturopath for skin infections australia,Phrase,Enabled
WW | AU | Skin Conditions,Skin Infections AU,naturopath for skin infections australia,Exact,Enabled
WW | AU | Skin Conditions,Skin Infections AU,recurring skin infections naturopath online,Phrase,Enabled
WW | AU | Skin Conditions,Skin Infections AU,recurring skin infections naturopath online,Exact,Enabled
WW | AU | Skin Conditions,Skin Infections AU,natural skin infection support australia,Phrase,Enabled
WW | AU | Skin Conditions,Skin Infections AU,natural skin infection support australia,Exact,Enabled
WW | AU | Skin Conditions,Skin Infections AU,naturopath chronic urticaria,Phrase,Enabled
WW | AU | Skin Conditions,Skin Infections AU,naturopath chronic urticaria,Exact,Enabled
WW | AU | Skin Conditions,Skin Infections AU,recurring skin infections naturopath australia,Phrase,Enabled
WW | AU | Skin Conditions,Skin Infections AU,recurring skin infections naturopath australia,Exact,Enabled
WW | AU | Skin Conditions,Skin Infections AU,chronic hives naturopath australia,Phrase,Enabled
WW | AU | Skin Conditions,Skin Infections AU,chronic hives naturopath australia,Exact,Enabled
WW | AU | Skin Conditions,Skin Infections AU,immune support skin naturopath australia,Phrase,Enabled
WW | AU | Skin Conditions,Skin Infections AU,immune support skin naturopath australia,Exact,Enabled
WW | AU | Skin Conditions,Skin Infections AU,skin infection naturopath cost australia,Phrase,Enabled
WW | AU | Skin Conditions,Skin Infections AU,skin infection naturopath cost australia,Exact,Enabled
WW | AU | Skin Conditions,Skin Infections AU,registered naturopath skin infections australia,Phrase,Enabled
WW | AU | Skin Conditions,Skin Infections AU,registered naturopath skin infections australia,Exact,Enabled
WW | AU | Skin Conditions,Skin Infections AU,recurring urticaria naturopath online,Phrase,Enabled
WW | AU | Skin Conditions,Skin Infections AU,recurring urticaria naturopath online,Exact,Enabled
