Campaign,Ad Group,Keyword,Match Type
WW | NZ | Brand,Brand - Waterwell,jobs,Phrase
WW | NZ | Brand,Brand - Waterwell,careers,Phrase
WW | NZ | Online Naturopath,Online Naturopath Consult,free,Phrase
WW | NZ | Online Naturopath,Online Naturopath Consult,jobs,Phrase
WW | NZ | Online Naturopath,Online Naturopath Consult,job,Phrase
WW | NZ | Online Naturopath,Online Naturopath Consult,career,Phrase
WW | NZ | Online Naturopath,Online Naturopath Consult,careers,Phrase
WW | NZ | Online Naturopath,Online Naturopath Consult,course,Phrase
WW | NZ | Online Naturopath,Online Naturopath Consult,courses,Phrase
WW | NZ | Online Naturopath,Online Naturopath Consult,class,Phrase
WW | NZ | Online Naturopath,Online Naturopath Consult,classes,Phrase
WW | NZ | Online Naturopath,Online Naturopath Consult,training,Phrase
WW | NZ | Online Naturopath,Online Naturopath Consult,become a naturopath,Phrase
WW | NZ | Online Naturopath,Online Naturopath Consult,school,Phrase
WW | NZ | Online Naturopath,Online Naturopath Consult,degree,Phrase
WW | NZ | Online Naturopath,Online Naturopath Consult,diploma,Phrase
WW | NZ | Online Naturopath,Online Naturopath Consult,certificate,Phrase
WW | NZ | Online Naturopath,Online Naturopath Consult,university,Phrase
WW | NZ | Online Naturopath,Online Naturopath Consult,salary,Phrase
WW | NZ | Online Naturopath,Online Naturopath Consult,wage,Phrase
WW | NZ | Online Naturopath,Online Naturopath Consult,what is,Phrase
WW | NZ | Online Naturopath,Online Naturopath Consult,definition,Phrase
WW | NZ | Online Naturopath,Online Naturopath Consult,meaning,Phrase
WW | NZ | Online Naturopath,Online Naturopath Consult,wikipedia,Phrase
WW | NZ | Online Naturopath,Online Naturopath Consult,wiki,Phrase
WW | NZ | Online Naturopath,Online Naturopath Consult,reddit,Phrase
WW | NZ | Online Naturopath,Online Naturopath Consult,forum,Phrase
WW | NZ | Online Naturopath,Online Naturopath Consult,quora,Phrase
WW | NZ | Online Naturopath,Online Naturopath Consult,pdf,Phrase
WW | NZ | Online Naturopath,Online Naturopath Consult,doctor,Phrase
WW | NZ | Online Naturopath,Online Naturopath Consult,gp,Phrase
WW | NZ | Online Naturopath,Online Naturopath Consult,dermatologist,Phrase
WW | NZ | Online Naturopath,Online Naturopath Consult,pharmacy,Phrase
WW | NZ | Online Naturopath,Online Naturopath Consult,chemist,Phrase
WW | NZ | Online Naturopath,Online Naturopath Consult,prescription,Phrase
WW | NZ | Online Naturopath,Online Naturopath Consult,medication,Phrase
WW | NZ | Online Naturopath,Online Naturopath Consult,cream,Phrase
WW | NZ | Online Naturopath,Online Naturopath Consult,ointment,Phrase
WW | NZ | Online Naturopath,Online Naturopath Consult,steroid cream,Phrase
WW | NZ | Online Naturopath,Online Naturopath Consult,dupixent,Phrase
WW | NZ | Online Naturopath,Online Naturopath Consult,cure,Phrase
WW | NZ | Online Naturopath,Online Naturopath Consult,detox,Phrase
WW | NZ | Online Naturopath,Online Naturopath Consult,cleanse,Phrase
WW | NZ | Online Naturopath,Online Naturopath Consult,eczema,Phrase
WW | NZ | Online Naturopath,Online Naturopath Consult,tsw,Phrase
WW | NZ | Online Naturopath,Online Naturopath Consult,topical steroid withdrawal,Phrase
WW | NZ | Online Naturopath,Online Naturopath Consult,psoriasis,Phrase
WW | NZ | Online Naturopath,Online Naturopath Consult,acne,Phrase
WW | NZ | Online Naturopath,Online Naturopath Consult,rosacea,Phrase
WW | NZ | Online Naturopath,Online Naturopath Consult,skin infection,Phrase
WW | NZ | Online Naturopath,Online Naturopath Consult,urticaria,Phrase
WW | NZ | Online Naturopath,Online Naturopath Consult,near me,Phrase
WW | NZ | Online Naturopath,Online Naturopath Consult,australia,Phrase
WW | NZ | Online Naturopath,Online Naturopath Consult,sydney,Phrase
WW | NZ | Online Naturopath,Online Naturopath Consult,melbourne,Phrase
WW | NZ | Online Naturopath,Online Naturopath Consult,brisbane,Phrase
WW | NZ | Online Naturopath,Online Naturopath Consult,perth,Phrase
WW | NZ | Online Naturopath,General Naturopathy,free,Phrase
WW | NZ | Online Naturopath,General Naturopathy,jobs,Phrase
WW | NZ | Online Naturopath,General Naturopathy,job,Phrase
WW | NZ | Online Naturopath,General Naturopathy,career,Phrase
WW | NZ | Online Naturopath,General Naturopathy,careers,Phrase
WW | NZ | Online Naturopath,General Naturopathy,course,Phrase
WW | NZ | Online Naturopath,General Naturopathy,courses,Phrase
WW | NZ | Online Naturopath,General Naturopathy,class,Phrase
WW | NZ | Online Naturopath,General Naturopathy,classes,Phrase
WW | NZ | Online Naturopath,General Naturopathy,training,Phrase
WW | NZ | Online Naturopath,General Naturopathy,become a naturopath,Phrase
WW | NZ | Online Naturopath,General Naturopathy,school,Phrase
WW | NZ | Online Naturopath,General Naturopathy,degree,Phrase
WW | NZ | Online Naturopath,General Naturopathy,diploma,Phrase
WW | NZ | Online Naturopath,General Naturopathy,certificate,Phrase
WW | NZ | Online Naturopath,General Naturopathy,university,Phrase
WW | NZ | Online Naturopath,General Naturopathy,salary,Phrase
WW | NZ | Online Naturopath,General Naturopathy,wage,Phrase
WW | NZ | Online Naturopath,General Naturopathy,what is,Phrase
WW | NZ | Online Naturopath,General Naturopathy,definition,Phrase
WW | NZ | Online Naturopath,General Naturopathy,meaning,Phrase
WW | NZ | Online Naturopath,General Naturopathy,wikipedia,Phrase
WW | NZ | Online Naturopath,General Naturopathy,wiki,Phrase
WW | NZ | Online Naturopath,General Naturopathy,reddit,Phrase
WW | NZ | Online Naturopath,General Naturopathy,forum,Phrase
WW | NZ | Online Naturopath,General Naturopathy,quora,Phrase
WW | NZ | Online Naturopath,General Naturopathy,pdf,Phrase
WW | NZ | Online Naturopath,General Naturopathy,doctor,Phrase
WW | NZ | Online Naturopath,General Naturopathy,gp,Phrase
WW | NZ | Online Naturopath,General Naturopathy,dermatologist,Phrase
WW | NZ | Online Naturopath,General Naturopathy,pharmacy,Phrase
WW | NZ | Online Naturopath,General Naturopathy,chemist,Phrase
WW | NZ | Online Naturopath,General Naturopathy,prescription,Phrase
WW | NZ | Online Naturopath,General Naturopathy,medication,Phrase
WW | NZ | Online Naturopath,General Naturopathy,cream,Phrase
WW | NZ | Online Naturopath,General Naturopathy,ointment,Phrase
WW | NZ | Online Naturopath,General Naturopathy,steroid cream,Phrase
WW | NZ | Online Naturopath,General Naturopathy,dupixent,Phrase
WW | NZ | Online Naturopath,General Naturopathy,cure,Phrase
WW | NZ | Online Naturopath,General Naturopathy,detox,Phrase
WW | NZ | Online Naturopath,General Naturopathy,cleanse,Phrase
WW | NZ | Online Naturopath,General Naturopathy,eczema,Phrase
WW | NZ | Online Naturopath,General Naturopathy,tsw,Phrase
WW | NZ | Online Naturopath,General Naturopathy,topical steroid withdrawal,Phrase
WW | NZ | Online Naturopath,General Naturopathy,psoriasis,Phrase
WW | NZ | Online Naturopath,General Naturopathy,acne,Phrase
WW | NZ | Online Naturopath,General Naturopathy,rosacea,Phrase
WW | NZ | Online Naturopath,General Naturopathy,skin infection,Phrase
WW | NZ | Online Naturopath,General Naturopathy,urticaria,Phrase
WW | NZ | Online Naturopath,General Naturopathy,near me,Phrase
WW | NZ | Online Naturopath,General Naturopathy,australia,Phrase
WW | NZ | Online Naturopath,General Naturopathy,sydney,Phrase
WW | NZ | Online Naturopath,General Naturopathy,melbourne,Phrase
WW | NZ | Online Naturopath,General Naturopathy,brisbane,Phrase
WW | NZ | Online Naturopath,General Naturopathy,perth,Phrase
WW | NZ | Online Naturopath,General Naturopathy,online,Phrase
WW | NZ | Online Naturopath,Gut & Digestive Health,free,Phrase
WW | NZ | Online Naturopath,Gut & Digestive Health,jobs,Phrase
WW | NZ | Online Naturopath,Gut & Digestive Health,job,Phrase
WW | NZ | Online Naturopath,Gut & Digestive Health,career,Phrase
WW | NZ | Online Naturopath,Gut & Digestive Health,careers,Phrase
WW | NZ | Online Naturopath,Gut & Digestive Health,course,Phrase
WW | NZ | Online Naturopath,Gut & Digestive Health,courses,Phrase
WW | NZ | Online Naturopath,Gut & Digestive Health,class,Phrase
WW | NZ | Online Naturopath,Gut & Digestive Health,classes,Phrase
WW | NZ | Online Naturopath,Gut & Digestive Health,training,Phrase
WW | NZ | Online Naturopath,Gut & Digestive Health,become a naturopath,Phrase
WW | NZ | Online Naturopath,Gut & Digestive Health,school,Phrase
WW | NZ | Online Naturopath,Gut & Digestive Health,degree,Phrase
WW | NZ | Online Naturopath,Gut & Digestive Health,diploma,Phrase
WW | NZ | Online Naturopath,Gut & Digestive Health,certificate,Phrase
WW | NZ | Online Naturopath,Gut & Digestive Health,university,Phrase
WW | NZ | Online Naturopath,Gut & Digestive Health,salary,Phrase
WW | NZ | Online Naturopath,Gut & Digestive Health,wage,Phrase
WW | NZ | Online Naturopath,Gut & Digestive Health,what is,Phrase
WW | NZ | Online Naturopath,Gut & Digestive Health,definition,Phrase
WW | NZ | Online Naturopath,Gut & Digestive Health,meaning,Phrase
WW | NZ | Online Naturopath,Gut & Digestive Health,wikipedia,Phrase
WW | NZ | Online Naturopath,Gut & Digestive Health,wiki,Phrase
WW | NZ | Online Naturopath,Gut & Digestive Health,reddit,Phrase
WW | NZ | Online Naturopath,Gut & Digestive Health,forum,Phrase
WW | NZ | Online Naturopath,Gut & Digestive Health,quora,Phrase
WW | NZ | Online Naturopath,Gut & Digestive Health,pdf,Phrase
WW | NZ | Online Naturopath,Gut & Digestive Health,doctor,Phrase
WW | NZ | Online Naturopath,Gut & Digestive Health,gp,Phrase
WW | NZ | Online Naturopath,Gut & Digestive Health,dermatologist,Phrase
WW | NZ | Online Naturopath,Gut & Digestive Health,pharmacy,Phrase
WW | NZ | Online Naturopath,Gut & Digestive Health,chemist,Phrase
WW | NZ | Online Naturopath,Gut & Digestive Health,prescription,Phrase
WW | NZ | Online Naturopath,Gut & Digestive Health,medication,Phrase
WW | NZ | Online Naturopath,Gut & Digestive Health,cream,Phrase
WW | NZ | Online Naturopath,Gut & Digestive Health,ointment,Phrase
WW | NZ | Online Naturopath,Gut & Digestive Health,steroid cream,Phrase
WW | NZ | Online Naturopath,Gut & Digestive Health,dupixent,Phrase
WW | NZ | Online Naturopath,Gut & Digestive Health,cure,Phrase
WW | NZ | Online Naturopath,Gut & Digestive Health,detox,Phrase
WW | NZ | Online Naturopath,Gut & Digestive Health,cleanse,Phrase
WW | NZ | Online Naturopath,Gut & Digestive Health,eczema,Phrase
WW | NZ | Online Naturopath,Gut & Digestive Health,tsw,Phrase
WW | NZ | Online Naturopath,Gut & Digestive Health,topical steroid withdrawal,Phrase
WW | NZ | Online Naturopath,Gut & Digestive Health,psoriasis,Phrase
WW | NZ | Online Naturopath,Gut & Digestive Health,acne,Phrase
WW | NZ | Online Naturopath,Gut & Digestive Health,rosacea,Phrase
WW | NZ | Online Naturopath,Gut & Digestive Health,skin infection,Phrase
WW | NZ | Online Naturopath,Gut & Digestive Health,urticaria,Phrase
WW | NZ | Online Naturopath,Gut & Digestive Health,near me,Phrase
WW | NZ | Online Naturopath,Gut & Digestive Health,australia,Phrase
WW | NZ | Online Naturopath,Gut & Digestive Health,sydney,Phrase
WW | NZ | Online Naturopath,Gut & Digestive Health,melbourne,Phrase
WW | NZ | Online Naturopath,Gut & Digestive Health,brisbane,Phrase
WW | NZ | Online Naturopath,Gut & Digestive Health,perth,Phrase
WW | NZ | Online Naturopath,Hormones & Women's Health,free,Phrase
WW | NZ | Online Naturopath,Hormones & Women's Health,jobs,Phrase
WW | NZ | Online Naturopath,Hormones & Women's Health,job,Phrase
WW | NZ | Online Naturopath,Hormones & Women's Health,career,Phrase
WW | NZ | Online Naturopath,Hormones & Women's Health,careers,Phrase
WW | NZ | Online Naturopath,Hormones & Women's Health,course,Phrase
WW | NZ | Online Naturopath,Hormones & Women's Health,courses,Phrase
WW | NZ | Online Naturopath,Hormones & Women's Health,class,Phrase
WW | NZ | Online Naturopath,Hormones & Women's Health,classes,Phrase
WW | NZ | Online Naturopath,Hormones & Women's Health,training,Phrase
WW | NZ | Online Naturopath,Hormones & Women's Health,become a naturopath,Phrase
WW | NZ | Online Naturopath,Hormones & Women's Health,school,Phrase
WW | NZ | Online Naturopath,Hormones & Women's Health,degree,Phrase
WW | NZ | Online Naturopath,Hormones & Women's Health,diploma,Phrase
WW | NZ | Online Naturopath,Hormones & Women's Health,certificate,Phrase
WW | NZ | Online Naturopath,Hormones & Women's Health,university,Phrase
WW | NZ | Online Naturopath,Hormones & Women's Health,salary,Phrase
WW | NZ | Online Naturopath,Hormones & Women's Health,wage,Phrase
WW | NZ | Online Naturopath,Hormones & Women's Health,what is,Phrase
WW | NZ | Online Naturopath,Hormones & Women's Health,definition,Phrase
WW | NZ | Online Naturopath,Hormones & Women's Health,meaning,Phrase
WW | NZ | Online Naturopath,Hormones & Women's Health,wikipedia,Phrase
WW | NZ | Online Naturopath,Hormones & Women's Health,wiki,Phrase
WW | NZ | Online Naturopath,Hormones & Women's Health,reddit,Phrase
WW | NZ | Online Naturopath,Hormones & Women's Health,forum,Phrase
WW | NZ | Online Naturopath,Hormones & Women's Health,quora,Phrase
WW | NZ | Online Naturopath,Hormones & Women's Health,pdf,Phrase
WW | NZ | Online Naturopath,Hormones & Women's Health,doctor,Phrase
WW | NZ | Online Naturopath,Hormones & Women's Health,gp,Phrase
WW | NZ | Online Naturopath,Hormones & Women's Health,dermatologist,Phrase
WW | NZ | Online Naturopath,Hormones & Women's Health,pharmacy,Phrase
WW | NZ | Online Naturopath,Hormones & Women's Health,chemist,Phrase
WW | NZ | Online Naturopath,Hormones & Women's Health,prescription,Phrase
WW | NZ | Online Naturopath,Hormones & Women's Health,medication,Phrase
WW | NZ | Online Naturopath,Hormones & Women's Health,cream,Phrase
WW | NZ | Online Naturopath,Hormones & Women's Health,ointment,Phrase
WW | NZ | Online Naturopath,Hormones & Women's Health,steroid cream,Phrase
WW | NZ | Online Naturopath,Hormones & Women's Health,dupixent,Phrase
WW | NZ | Online Naturopath,Hormones & Women's Health,cure,Phrase
WW | NZ | Online Naturopath,Hormones & Women's Health,detox,Phrase
WW | NZ | Online Naturopath,Hormones & Women's Health,cleanse,Phrase
WW | NZ | Online Naturopath,Hormones & Women's Health,eczema,Phrase
WW | NZ | Online Naturopath,Hormones & Women's Health,tsw,Phrase
WW | NZ | Online Naturopath,Hormones & Women's Health,topical steroid withdrawal,Phrase
WW | NZ | Online Naturopath,Hormones & Women's Health,psoriasis,Phrase
WW | NZ | Online Naturopath,Hormones & Women's Health,acne,Phrase
WW | NZ | Online Naturopath,Hormones & Women's Health,rosacea,Phrase
WW | NZ | Online Naturopath,Hormones & Women's Health,skin infection,Phrase
WW | NZ | Online Naturopath,Hormones & Women's Health,urticaria,Phrase
WW | NZ | Online Naturopath,Hormones & Women's Health,near me,Phrase
WW | NZ | Online Naturopath,Hormones & Women's Health,australia,Phrase
WW | NZ | Online Naturopath,Hormones & Women's Health,sydney,Phrase
WW | NZ | Online Naturopath,Hormones & Women's Health,melbourne,Phrase
WW | NZ | Online Naturopath,Hormones & Women's Health,brisbane,Phrase
WW | NZ | Online Naturopath,Hormones & Women's Health,perth,Phrase
WW | NZ | Online Naturopath,Fatigue & Energy,free,Phrase
WW | NZ | Online Naturopath,Fatigue & Energy,jobs,Phrase
WW | NZ | Online Naturopath,Fatigue & Energy,job,Phrase
WW | NZ | Online Naturopath,Fatigue & Energy,career,Phrase
WW | NZ | Online Naturopath,Fatigue & Energy,careers,Phrase
WW | NZ | Online Naturopath,Fatigue & Energy,course,Phrase
WW | NZ | Online Naturopath,Fatigue & Energy,courses,Phrase
WW | NZ | Online Naturopath,Fatigue & Energy,class,Phrase
WW | NZ | Online Naturopath,Fatigue & Energy,classes,Phrase
WW | NZ | Online Naturopath,Fatigue & Energy,training,Phrase
WW | NZ | Online Naturopath,Fatigue & Energy,become a naturopath,Phrase
WW | NZ | Online Naturopath,Fatigue & Energy,school,Phrase
WW | NZ | Online Naturopath,Fatigue & Energy,degree,Phrase
WW | NZ | Online Naturopath,Fatigue & Energy,diploma,Phrase
WW | NZ | Online Naturopath,Fatigue & Energy,certificate,Phrase
WW | NZ | Online Naturopath,Fatigue & Energy,university,Phrase
WW | NZ | Online Naturopath,Fatigue & Energy,salary,Phrase
WW | NZ | Online Naturopath,Fatigue & Energy,wage,Phrase
WW | NZ | Online Naturopath,Fatigue & Energy,what is,Phrase
WW | NZ | Online Naturopath,Fatigue & Energy,definition,Phrase
WW | NZ | Online Naturopath,Fatigue & Energy,meaning,Phrase
WW | NZ | Online Naturopath,Fatigue & Energy,wikipedia,Phrase
WW | NZ | Online Naturopath,Fatigue & Energy,wiki,Phrase
WW | NZ | Online Naturopath,Fatigue & Energy,reddit,Phrase
WW | NZ | Online Naturopath,Fatigue & Energy,forum,Phrase
WW | NZ | Online Naturopath,Fatigue & Energy,quora,Phrase
WW | NZ | Online Naturopath,Fatigue & Energy,pdf,Phrase
WW | NZ | Online Naturopath,Fatigue & Energy,doctor,Phrase
WW | NZ | Online Naturopath,Fatigue & Energy,gp,Phrase
WW | NZ | Online Naturopath,Fatigue & Energy,dermatologist,Phrase
WW | NZ | Online Naturopath,Fatigue & Energy,pharmacy,Phrase
WW | NZ | Online Naturopath,Fatigue & Energy,chemist,Phrase
WW | NZ | Online Naturopath,Fatigue & Energy,prescription,Phrase
WW | NZ | Online Naturopath,Fatigue & Energy,medication,Phrase
WW | NZ | Online Naturopath,Fatigue & Energy,cream,Phrase
WW | NZ | Online Naturopath,Fatigue & Energy,ointment,Phrase
WW | NZ | Online Naturopath,Fatigue & Energy,steroid cream,Phrase
WW | NZ | Online Naturopath,Fatigue & Energy,dupixent,Phrase
WW | NZ | Online Naturopath,Fatigue & Energy,cure,Phrase
WW | NZ | Online Naturopath,Fatigue & Energy,detox,Phrase
WW | NZ | Online Naturopath,Fatigue & Energy,cleanse,Phrase
WW | NZ | Online Naturopath,Fatigue & Energy,eczema,Phrase
WW | NZ | Online Naturopath,Fatigue & Energy,tsw,Phrase
WW | NZ | Online Naturopath,Fatigue & Energy,topical steroid withdrawal,Phrase
WW | NZ | Online Naturopath,Fatigue & Energy,psoriasis,Phrase
WW | NZ | Online Naturopath,Fatigue & Energy,acne,Phrase
WW | NZ | Online Naturopath,Fatigue & Energy,rosacea,Phrase
WW | NZ | Online Naturopath,Fatigue & Energy,skin infection,Phrase
WW | NZ | Online Naturopath,Fatigue & Energy,urticaria,Phrase
WW | NZ | Online Naturopath,Fatigue & Energy,near me,Phrase
WW | NZ | Online Naturopath,Fatigue & Energy,australia,Phrase
WW | NZ | Online Naturopath,Fatigue & Energy,sydney,Phrase
WW | NZ | Online Naturopath,Fatigue & Energy,melbourne,Phrase
WW | NZ | Online Naturopath,Fatigue & Energy,brisbane,Phrase
WW | NZ | Online Naturopath,Fatigue & Energy,perth,Phrase
WW | NZ | Online Naturopath,Stress & Sleep,free,Phrase
WW | NZ | Online Naturopath,Stress & Sleep,jobs,Phrase
WW | NZ | Online Naturopath,Stress & Sleep,job,Phrase
WW | NZ | Online Naturopath,Stress & Sleep,career,Phrase
WW | NZ | Online Naturopath,Stress & Sleep,careers,Phrase
WW | NZ | Online Naturopath,Stress & Sleep,course,Phrase
WW | NZ | Online Naturopath,Stress & Sleep,courses,Phrase
WW | NZ | Online Naturopath,Stress & Sleep,class,Phrase
WW | NZ | Online Naturopath,Stress & Sleep,classes,Phrase
WW | NZ | Online Naturopath,Stress & Sleep,training,Phrase
WW | NZ | Online Naturopath,Stress & Sleep,become a naturopath,Phrase
WW | NZ | Online Naturopath,Stress & Sleep,school,Phrase
WW | NZ | Online Naturopath,Stress & Sleep,degree,Phrase
WW | NZ | Online Naturopath,Stress & Sleep,diploma,Phrase
WW | NZ | Online Naturopath,Stress & Sleep,certificate,Phrase
WW | NZ | Online Naturopath,Stress & Sleep,university,Phrase
WW | NZ | Online Naturopath,Stress & Sleep,salary,Phrase
WW | NZ | Online Naturopath,Stress & Sleep,wage,Phrase
WW | NZ | Online Naturopath,Stress & Sleep,what is,Phrase
WW | NZ | Online Naturopath,Stress & Sleep,definition,Phrase
WW | NZ | Online Naturopath,Stress & Sleep,meaning,Phrase
WW | NZ | Online Naturopath,Stress & Sleep,wikipedia,Phrase
WW | NZ | Online Naturopath,Stress & Sleep,wiki,Phrase
WW | NZ | Online Naturopath,Stress & Sleep,reddit,Phrase
WW | NZ | Online Naturopath,Stress & Sleep,forum,Phrase
WW | NZ | Online Naturopath,Stress & Sleep,quora,Phrase
WW | NZ | Online Naturopath,Stress & Sleep,pdf,Phrase
WW | NZ | Online Naturopath,Stress & Sleep,doctor,Phrase
WW | NZ | Online Naturopath,Stress & Sleep,gp,Phrase
WW | NZ | Online Naturopath,Stress & Sleep,dermatologist,Phrase
WW | NZ | Online Naturopath,Stress & Sleep,pharmacy,Phrase
WW | NZ | Online Naturopath,Stress & Sleep,chemist,Phrase
WW | NZ | Online Naturopath,Stress & Sleep,prescription,Phrase
WW | NZ | Online Naturopath,Stress & Sleep,medication,Phrase
WW | NZ | Online Naturopath,Stress & Sleep,cream,Phrase
WW | NZ | Online Naturopath,Stress & Sleep,ointment,Phrase
WW | NZ | Online Naturopath,Stress & Sleep,steroid cream,Phrase
WW | NZ | Online Naturopath,Stress & Sleep,dupixent,Phrase
WW | NZ | Online Naturopath,Stress & Sleep,cure,Phrase
WW | NZ | Online Naturopath,Stress & Sleep,detox,Phrase
WW | NZ | Online Naturopath,Stress & Sleep,cleanse,Phrase
WW | NZ | Online Naturopath,Stress & Sleep,eczema,Phrase
WW | NZ | Online Naturopath,Stress & Sleep,tsw,Phrase
WW | NZ | Online Naturopath,Stress & Sleep,topical steroid withdrawal,Phrase
WW | NZ | Online Naturopath,Stress & Sleep,psoriasis,Phrase
WW | NZ | Online Naturopath,Stress & Sleep,acne,Phrase
WW | NZ | Online Naturopath,Stress & Sleep,rosacea,Phrase
WW | NZ | Online Naturopath,Stress & Sleep,skin infection,Phrase
WW | NZ | Online Naturopath,Stress & Sleep,urticaria,Phrase
WW | NZ | Online Naturopath,Stress & Sleep,near me,Phrase
WW | NZ | Online Naturopath,Stress & Sleep,australia,Phrase
WW | NZ | Online Naturopath,Stress & Sleep,sydney,Phrase
WW | NZ | Online Naturopath,Stress & Sleep,melbourne,Phrase
WW | NZ | Online Naturopath,Stress & Sleep,brisbane,Phrase
WW | NZ | Online Naturopath,Stress & Sleep,perth,Phrase
WW | NZ | Skin Conditions,Eczema,free,Phrase
WW | NZ | Skin Conditions,Eczema,jobs,Phrase
WW | NZ | Skin Conditions,Eczema,job,Phrase
WW | NZ | Skin Conditions,Eczema,career,Phrase
WW | NZ | Skin Conditions,Eczema,careers,Phrase
WW | NZ | Skin Conditions,Eczema,course,Phrase
WW | NZ | Skin Conditions,Eczema,courses,Phrase
WW | NZ | Skin Conditions,Eczema,class,Phrase
WW | NZ | Skin Conditions,Eczema,classes,Phrase
WW | NZ | Skin Conditions,Eczema,training,Phrase
WW | NZ | Skin Conditions,Eczema,become a naturopath,Phrase
WW | NZ | Skin Conditions,Eczema,school,Phrase
WW | NZ | Skin Conditions,Eczema,degree,Phrase
WW | NZ | Skin Conditions,Eczema,diploma,Phrase
WW | NZ | Skin Conditions,Eczema,certificate,Phrase
WW | NZ | Skin Conditions,Eczema,university,Phrase
WW | NZ | Skin Conditions,Eczema,salary,Phrase
WW | NZ | Skin Conditions,Eczema,wage,Phrase
WW | NZ | Skin Conditions,Eczema,what is,Phrase
WW | NZ | Skin Conditions,Eczema,definition,Phrase
WW | NZ | Skin Conditions,Eczema,meaning,Phrase
WW | NZ | Skin Conditions,Eczema,wikipedia,Phrase
WW | NZ | Skin Conditions,Eczema,wiki,Phrase
WW | NZ | Skin Conditions,Eczema,reddit,Phrase
WW | NZ | Skin Conditions,Eczema,forum,Phrase
WW | NZ | Skin Conditions,Eczema,quora,Phrase
WW | NZ | Skin Conditions,Eczema,pdf,Phrase
WW | NZ | Skin Conditions,Eczema,doctor,Phrase
WW | NZ | Skin Conditions,Eczema,gp,Phrase
WW | NZ | Skin Conditions,Eczema,dermatologist,Phrase
WW | NZ | Skin Conditions,Eczema,pharmacy,Phrase
WW | NZ | Skin Conditions,Eczema,chemist,Phrase
WW | NZ | Skin Conditions,Eczema,prescription,Phrase
WW | NZ | Skin Conditions,Eczema,medication,Phrase
WW | NZ | Skin Conditions,Eczema,cream,Phrase
WW | NZ | Skin Conditions,Eczema,ointment,Phrase
WW | NZ | Skin Conditions,Eczema,steroid cream,Phrase
WW | NZ | Skin Conditions,Eczema,dupixent,Phrase
WW | NZ | Skin Conditions,Eczema,cure,Phrase
WW | NZ | Skin Conditions,Eczema,detox,Phrase
WW | NZ | Skin Conditions,Eczema,cleanse,Phrase
WW | NZ | Skin Conditions,Eczema,near me,Phrase
WW | NZ | Skin Conditions,Eczema,australia,Phrase
WW | NZ | Skin Conditions,Eczema,sydney,Phrase
WW | NZ | Skin Conditions,Eczema,melbourne,Phrase
WW | NZ | Skin Conditions,Eczema,brisbane,Phrase
WW | NZ | Skin Conditions,Eczema,perth,Phrase
WW | NZ | Skin Conditions,Eczema,tsw,Phrase
WW | NZ | Skin Conditions,Eczema,topical steroid withdrawal,Phrase
WW | NZ | Skin Conditions,Eczema,psoriasis,Phrase
WW | NZ | Skin Conditions,Eczema,acne,Phrase
WW | NZ | Skin Conditions,Eczema,rosacea,Phrase
WW | NZ | Skin Conditions,Eczema,skin infection,Phrase
WW | NZ | Skin Conditions,Eczema,urticaria,Phrase
WW | NZ | Skin Conditions,Topical Steroid Withdrawal,free,Phrase
WW | NZ | Skin Conditions,Topical Steroid Withdrawal,jobs,Phrase
WW | NZ | Skin Conditions,Topical Steroid Withdrawal,job,Phrase
WW | NZ | Skin Conditions,Topical Steroid Withdrawal,career,Phrase
WW | NZ | Skin Conditions,Topical Steroid Withdrawal,careers,Phrase
WW | NZ | Skin Conditions,Topical Steroid Withdrawal,course,Phrase
WW | NZ | Skin Conditions,Topical Steroid Withdrawal,courses,Phrase
WW | NZ | Skin Conditions,Topical Steroid Withdrawal,class,Phrase
WW | NZ | Skin Conditions,Topical Steroid Withdrawal,classes,Phrase
WW | NZ | Skin Conditions,Topical Steroid Withdrawal,training,Phrase
WW | NZ | Skin Conditions,Topical Steroid Withdrawal,become a naturopath,Phrase
WW | NZ | Skin Conditions,Topical Steroid Withdrawal,school,Phrase
WW | NZ | Skin Conditions,Topical Steroid Withdrawal,degree,Phrase
WW | NZ | Skin Conditions,Topical Steroid Withdrawal,diploma,Phrase
WW | NZ | Skin Conditions,Topical Steroid Withdrawal,certificate,Phrase
WW | NZ | Skin Conditions,Topical Steroid Withdrawal,university,Phrase
WW | NZ | Skin Conditions,Topical Steroid Withdrawal,salary,Phrase
WW | NZ | Skin Conditions,Topical Steroid Withdrawal,wage,Phrase
WW | NZ | Skin Conditions,Topical Steroid Withdrawal,what is,Phrase
WW | NZ | Skin Conditions,Topical Steroid Withdrawal,definition,Phrase
WW | NZ | Skin Conditions,Topical Steroid Withdrawal,meaning,Phrase
WW | NZ | Skin Conditions,Topical Steroid Withdrawal,wikipedia,Phrase
WW | NZ | Skin Conditions,Topical Steroid Withdrawal,wiki,Phrase
WW | NZ | Skin Conditions,Topical Steroid Withdrawal,reddit,Phrase
WW | NZ | Skin Conditions,Topical Steroid Withdrawal,forum,Phrase
WW | NZ | Skin Conditions,Topical Steroid Withdrawal,quora,Phrase
WW | NZ | Skin Conditions,Topical Steroid Withdrawal,pdf,Phrase
WW | NZ | Skin Conditions,Topical Steroid Withdrawal,doctor,Phrase
WW | NZ | Skin Conditions,Topical Steroid Withdrawal,gp,Phrase
WW | NZ | Skin Conditions,Topical Steroid Withdrawal,dermatologist,Phrase
WW | NZ | Skin Conditions,Topical Steroid Withdrawal,pharmacy,Phrase
WW | NZ | Skin Conditions,Topical Steroid Withdrawal,chemist,Phrase
WW | NZ | Skin Conditions,Topical Steroid Withdrawal,prescription,Phrase
WW | NZ | Skin Conditions,Topical Steroid Withdrawal,medication,Phrase
WW | NZ | Skin Conditions,Topical Steroid Withdrawal,cream,Phrase
WW | NZ | Skin Conditions,Topical Steroid Withdrawal,ointment,Phrase
WW | NZ | Skin Conditions,Topical Steroid Withdrawal,steroid cream,Phrase
WW | NZ | Skin Conditions,Topical Steroid Withdrawal,dupixent,Phrase
WW | NZ | Skin Conditions,Topical Steroid Withdrawal,cure,Phrase
WW | NZ | Skin Conditions,Topical Steroid Withdrawal,detox,Phrase
WW | NZ | Skin Conditions,Topical Steroid Withdrawal,cleanse,Phrase
WW | NZ | Skin Conditions,Topical Steroid Withdrawal,near me,Phrase
WW | NZ | Skin Conditions,Topical Steroid Withdrawal,australia,Phrase
WW | NZ | Skin Conditions,Topical Steroid Withdrawal,sydney,Phrase
WW | NZ | Skin Conditions,Topical Steroid Withdrawal,melbourne,Phrase
WW | NZ | Skin Conditions,Topical Steroid Withdrawal,brisbane,Phrase
WW | NZ | Skin Conditions,Topical Steroid Withdrawal,perth,Phrase
WW | NZ | Skin Conditions,Topical Steroid Withdrawal,eczema,Phrase
WW | NZ | Skin Conditions,Topical Steroid Withdrawal,psoriasis,Phrase
WW | NZ | Skin Conditions,Topical Steroid Withdrawal,acne,Phrase
WW | NZ | Skin Conditions,Topical Steroid Withdrawal,rosacea,Phrase
WW | NZ | Skin Conditions,Topical Steroid Withdrawal,skin infection,Phrase
WW | NZ | Skin Conditions,Topical Steroid Withdrawal,urticaria,Phrase
WW | NZ | Skin Conditions,Psoriasis,free,Phrase
WW | NZ | Skin Conditions,Psoriasis,jobs,Phrase
WW | NZ | Skin Conditions,Psoriasis,job,Phrase
WW | NZ | Skin Conditions,Psoriasis,career,Phrase
WW | NZ | Skin Conditions,Psoriasis,careers,Phrase
WW | NZ | Skin Conditions,Psoriasis,course,Phrase
WW | NZ | Skin Conditions,Psoriasis,courses,Phrase
WW | NZ | Skin Conditions,Psoriasis,class,Phrase
WW | NZ | Skin Conditions,Psoriasis,classes,Phrase
WW | NZ | Skin Conditions,Psoriasis,training,Phrase
WW | NZ | Skin Conditions,Psoriasis,become a naturopath,Phrase
WW | NZ | Skin Conditions,Psoriasis,school,Phrase
WW | NZ | Skin Conditions,Psoriasis,degree,Phrase
WW | NZ | Skin Conditions,Psoriasis,diploma,Phrase
WW | NZ | Skin Conditions,Psoriasis,certificate,Phrase
WW | NZ | Skin Conditions,Psoriasis,university,Phrase
WW | NZ | Skin Conditions,Psoriasis,salary,Phrase
WW | NZ | Skin Conditions,Psoriasis,wage,Phrase
WW | NZ | Skin Conditions,Psoriasis,what is,Phrase
WW | NZ | Skin Conditions,Psoriasis,definition,Phrase
WW | NZ | Skin Conditions,Psoriasis,meaning,Phrase
WW | NZ | Skin Conditions,Psoriasis,wikipedia,Phrase
WW | NZ | Skin Conditions,Psoriasis,wiki,Phrase
WW | NZ | Skin Conditions,Psoriasis,reddit,Phrase
WW | NZ | Skin Conditions,Psoriasis,forum,Phrase
WW | NZ | Skin Conditions,Psoriasis,quora,Phrase
WW | NZ | Skin Conditions,Psoriasis,pdf,Phrase
WW | NZ | Skin Conditions,Psoriasis,doctor,Phrase
WW | NZ | Skin Conditions,Psoriasis,gp,Phrase
WW | NZ | Skin Conditions,Psoriasis,dermatologist,Phrase
WW | NZ | Skin Conditions,Psoriasis,pharmacy,Phrase
WW | NZ | Skin Conditions,Psoriasis,chemist,Phrase
WW | NZ | Skin Conditions,Psoriasis,prescription,Phrase
WW | NZ | Skin Conditions,Psoriasis,medication,Phrase
WW | NZ | Skin Conditions,Psoriasis,cream,Phrase
WW | NZ | Skin Conditions,Psoriasis,ointment,Phrase
WW | NZ | Skin Conditions,Psoriasis,steroid cream,Phrase
WW | NZ | Skin Conditions,Psoriasis,dupixent,Phrase
WW | NZ | Skin Conditions,Psoriasis,cure,Phrase
WW | NZ | Skin Conditions,Psoriasis,detox,Phrase
WW | NZ | Skin Conditions,Psoriasis,cleanse,Phrase
WW | NZ | Skin Conditions,Psoriasis,near me,Phrase
WW | NZ | Skin Conditions,Psoriasis,australia,Phrase
WW | NZ | Skin Conditions,Psoriasis,sydney,Phrase
WW | NZ | Skin Conditions,Psoriasis,melbourne,Phrase
WW | NZ | Skin Conditions,Psoriasis,brisbane,Phrase
WW | NZ | Skin Conditions,Psoriasis,perth,Phrase
WW | NZ | Skin Conditions,Psoriasis,eczema,Phrase
WW | NZ | Skin Conditions,Psoriasis,tsw,Phrase
WW | NZ | Skin Conditions,Psoriasis,topical steroid withdrawal,Phrase
WW | NZ | Skin Conditions,Psoriasis,acne,Phrase
WW | NZ | Skin Conditions,Psoriasis,rosacea,Phrase
WW | NZ | Skin Conditions,Psoriasis,skin infection,Phrase
WW | NZ | Skin Conditions,Psoriasis,urticaria,Phrase
WW | NZ | Skin Conditions,Acne,free,Phrase
WW | NZ | Skin Conditions,Acne,jobs,Phrase
WW | NZ | Skin Conditions,Acne,job,Phrase
WW | NZ | Skin Conditions,Acne,career,Phrase
WW | NZ | Skin Conditions,Acne,careers,Phrase
WW | NZ | Skin Conditions,Acne,course,Phrase
WW | NZ | Skin Conditions,Acne,courses,Phrase
WW | NZ | Skin Conditions,Acne,class,Phrase
WW | NZ | Skin Conditions,Acne,classes,Phrase
WW | NZ | Skin Conditions,Acne,training,Phrase
WW | NZ | Skin Conditions,Acne,become a naturopath,Phrase
WW | NZ | Skin Conditions,Acne,school,Phrase
WW | NZ | Skin Conditions,Acne,degree,Phrase
WW | NZ | Skin Conditions,Acne,diploma,Phrase
WW | NZ | Skin Conditions,Acne,certificate,Phrase
WW | NZ | Skin Conditions,Acne,university,Phrase
WW | NZ | Skin Conditions,Acne,salary,Phrase
WW | NZ | Skin Conditions,Acne,wage,Phrase
WW | NZ | Skin Conditions,Acne,what is,Phrase
WW | NZ | Skin Conditions,Acne,definition,Phrase
WW | NZ | Skin Conditions,Acne,meaning,Phrase
WW | NZ | Skin Conditions,Acne,wikipedia,Phrase
WW | NZ | Skin Conditions,Acne,wiki,Phrase
WW | NZ | Skin Conditions,Acne,reddit,Phrase
WW | NZ | Skin Conditions,Acne,forum,Phrase
WW | NZ | Skin Conditions,Acne,quora,Phrase
WW | NZ | Skin Conditions,Acne,pdf,Phrase
WW | NZ | Skin Conditions,Acne,doctor,Phrase
WW | NZ | Skin Conditions,Acne,gp,Phrase
WW | NZ | Skin Conditions,Acne,dermatologist,Phrase
WW | NZ | Skin Conditions,Acne,pharmacy,Phrase
WW | NZ | Skin Conditions,Acne,chemist,Phrase
WW | NZ | Skin Conditions,Acne,prescription,Phrase
WW | NZ | Skin Conditions,Acne,medication,Phrase
WW | NZ | Skin Conditions,Acne,cream,Phrase
WW | NZ | Skin Conditions,Acne,ointment,Phrase
WW | NZ | Skin Conditions,Acne,steroid cream,Phrase
WW | NZ | Skin Conditions,Acne,dupixent,Phrase
WW | NZ | Skin Conditions,Acne,cure,Phrase
WW | NZ | Skin Conditions,Acne,detox,Phrase
WW | NZ | Skin Conditions,Acne,cleanse,Phrase
WW | NZ | Skin Conditions,Acne,near me,Phrase
WW | NZ | Skin Conditions,Acne,australia,Phrase
WW | NZ | Skin Conditions,Acne,sydney,Phrase
WW | NZ | Skin Conditions,Acne,melbourne,Phrase
WW | NZ | Skin Conditions,Acne,brisbane,Phrase
WW | NZ | Skin Conditions,Acne,perth,Phrase
WW | NZ | Skin Conditions,Acne,eczema,Phrase
WW | NZ | Skin Conditions,Acne,tsw,Phrase
WW | NZ | Skin Conditions,Acne,topical steroid withdrawal,Phrase
WW | NZ | Skin Conditions,Acne,psoriasis,Phrase
WW | NZ | Skin Conditions,Acne,rosacea,Phrase
WW | NZ | Skin Conditions,Acne,skin infection,Phrase
WW | NZ | Skin Conditions,Acne,urticaria,Phrase
WW | NZ | Skin Conditions,Rosacea,free,Phrase
WW | NZ | Skin Conditions,Rosacea,jobs,Phrase
WW | NZ | Skin Conditions,Rosacea,job,Phrase
WW | NZ | Skin Conditions,Rosacea,career,Phrase
WW | NZ | Skin Conditions,Rosacea,careers,Phrase
WW | NZ | Skin Conditions,Rosacea,course,Phrase
WW | NZ | Skin Conditions,Rosacea,courses,Phrase
WW | NZ | Skin Conditions,Rosacea,class,Phrase
WW | NZ | Skin Conditions,Rosacea,classes,Phrase
WW | NZ | Skin Conditions,Rosacea,training,Phrase
WW | NZ | Skin Conditions,Rosacea,become a naturopath,Phrase
WW | NZ | Skin Conditions,Rosacea,school,Phrase
WW | NZ | Skin Conditions,Rosacea,degree,Phrase
WW | NZ | Skin Conditions,Rosacea,diploma,Phrase
WW | NZ | Skin Conditions,Rosacea,certificate,Phrase
WW | NZ | Skin Conditions,Rosacea,university,Phrase
WW | NZ | Skin Conditions,Rosacea,salary,Phrase
WW | NZ | Skin Conditions,Rosacea,wage,Phrase
WW | NZ | Skin Conditions,Rosacea,what is,Phrase
WW | NZ | Skin Conditions,Rosacea,definition,Phrase
WW | NZ | Skin Conditions,Rosacea,meaning,Phrase
WW | NZ | Skin Conditions,Rosacea,wikipedia,Phrase
WW | NZ | Skin Conditions,Rosacea,wiki,Phrase
WW | NZ | Skin Conditions,Rosacea,reddit,Phrase
WW | NZ | Skin Conditions,Rosacea,forum,Phrase
WW | NZ | Skin Conditions,Rosacea,quora,Phrase
WW | NZ | Skin Conditions,Rosacea,pdf,Phrase
WW | NZ | Skin Conditions,Rosacea,doctor,Phrase
WW | NZ | Skin Conditions,Rosacea,gp,Phrase
WW | NZ | Skin Conditions,Rosacea,dermatologist,Phrase
WW | NZ | Skin Conditions,Rosacea,pharmacy,Phrase
WW | NZ | Skin Conditions,Rosacea,chemist,Phrase
WW | NZ | Skin Conditions,Rosacea,prescription,Phrase
WW | NZ | Skin Conditions,Rosacea,medication,Phrase
WW | NZ | Skin Conditions,Rosacea,cream,Phrase
WW | NZ | Skin Conditions,Rosacea,ointment,Phrase
WW | NZ | Skin Conditions,Rosacea,steroid cream,Phrase
WW | NZ | Skin Conditions,Rosacea,dupixent,Phrase
WW | NZ | Skin Conditions,Rosacea,cure,Phrase
WW | NZ | Skin Conditions,Rosacea,detox,Phrase
WW | NZ | Skin Conditions,Rosacea,cleanse,Phrase
WW | NZ | Skin Conditions,Rosacea,near me,Phrase
WW | NZ | Skin Conditions,Rosacea,australia,Phrase
WW | NZ | Skin Conditions,Rosacea,sydney,Phrase
WW | NZ | Skin Conditions,Rosacea,melbourne,Phrase
WW | NZ | Skin Conditions,Rosacea,brisbane,Phrase
WW | NZ | Skin Conditions,Rosacea,perth,Phrase
WW | NZ | Skin Conditions,Rosacea,eczema,Phrase
WW | NZ | Skin Conditions,Rosacea,tsw,Phrase
WW | NZ | Skin Conditions,Rosacea,topical steroid withdrawal,Phrase
WW | NZ | Skin Conditions,Rosacea,psoriasis,Phrase
WW | NZ | Skin Conditions,Rosacea,acne,Phrase
WW | NZ | Skin Conditions,Rosacea,skin infection,Phrase
WW | NZ | Skin Conditions,Rosacea,urticaria,Phrase
WW | NZ | Skin Conditions,Skin Infections,free,Phrase
WW | NZ | Skin Conditions,Skin Infections,jobs,Phrase
WW | NZ | Skin Conditions,Skin Infections,job,Phrase
WW | NZ | Skin Conditions,Skin Infections,career,Phrase
WW | NZ | Skin Conditions,Skin Infections,careers,Phrase
WW | NZ | Skin Conditions,Skin Infections,course,Phrase
WW | NZ | Skin Conditions,Skin Infections,courses,Phrase
WW | NZ | Skin Conditions,Skin Infections,class,Phrase
WW | NZ | Skin Conditions,Skin Infections,classes,Phrase
WW | NZ | Skin Conditions,Skin Infections,training,Phrase
WW | NZ | Skin Conditions,Skin Infections,become a naturopath,Phrase
WW | NZ | Skin Conditions,Skin Infections,school,Phrase
WW | NZ | Skin Conditions,Skin Infections,degree,Phrase
WW | NZ | Skin Conditions,Skin Infections,diploma,Phrase
WW | NZ | Skin Conditions,Skin Infections,certificate,Phrase
WW | NZ | Skin Conditions,Skin Infections,university,Phrase
WW | NZ | Skin Conditions,Skin Infections,salary,Phrase
WW | NZ | Skin Conditions,Skin Infections,wage,Phrase
WW | NZ | Skin Conditions,Skin Infections,what is,Phrase
WW | NZ | Skin Conditions,Skin Infections,definition,Phrase
WW | NZ | Skin Conditions,Skin Infections,meaning,Phrase
WW | NZ | Skin Conditions,Skin Infections,wikipedia,Phrase
WW | NZ | Skin Conditions,Skin Infections,wiki,Phrase
WW | NZ | Skin Conditions,Skin Infections,reddit,Phrase
WW | NZ | Skin Conditions,Skin Infections,forum,Phrase
WW | NZ | Skin Conditions,Skin Infections,quora,Phrase
WW | NZ | Skin Conditions,Skin Infections,pdf,Phrase
WW | NZ | Skin Conditions,Skin Infections,doctor,Phrase
WW | NZ | Skin Conditions,Skin Infections,gp,Phrase
WW | NZ | Skin Conditions,Skin Infections,dermatologist,Phrase
WW | NZ | Skin Conditions,Skin Infections,pharmacy,Phrase
WW | NZ | Skin Conditions,Skin Infections,chemist,Phrase
WW | NZ | Skin Conditions,Skin Infections,prescription,Phrase
WW | NZ | Skin Conditions,Skin Infections,medication,Phrase
WW | NZ | Skin Conditions,Skin Infections,cream,Phrase
WW | NZ | Skin Conditions,Skin Infections,ointment,Phrase
WW | NZ | Skin Conditions,Skin Infections,steroid cream,Phrase
WW | NZ | Skin Conditions,Skin Infections,dupixent,Phrase
WW | NZ | Skin Conditions,Skin Infections,cure,Phrase
WW | NZ | Skin Conditions,Skin Infections,detox,Phrase
WW | NZ | Skin Conditions,Skin Infections,cleanse,Phrase
WW | NZ | Skin Conditions,Skin Infections,near me,Phrase
WW | NZ | Skin Conditions,Skin Infections,australia,Phrase
WW | NZ | Skin Conditions,Skin Infections,sydney,Phrase
WW | NZ | Skin Conditions,Skin Infections,melbourne,Phrase
WW | NZ | Skin Conditions,Skin Infections,brisbane,Phrase
WW | NZ | Skin Conditions,Skin Infections,perth,Phrase
WW | NZ | Skin Conditions,Skin Infections,eczema,Phrase
WW | NZ | Skin Conditions,Skin Infections,tsw,Phrase
WW | NZ | Skin Conditions,Skin Infections,topical steroid withdrawal,Phrase
WW | NZ | Skin Conditions,Skin Infections,psoriasis,Phrase
WW | NZ | Skin Conditions,Skin Infections,acne,Phrase
WW | NZ | Skin Conditions,Skin Infections,rosacea,Phrase
WW | AU | Online Naturopath,Online Naturopath Consult AU,free,Phrase
WW | AU | Online Naturopath,Online Naturopath Consult AU,jobs,Phrase
WW | AU | Online Naturopath,Online Naturopath Consult AU,job,Phrase
WW | AU | Online Naturopath,Online Naturopath Consult AU,career,Phrase
WW | AU | Online Naturopath,Online Naturopath Consult AU,careers,Phrase
WW | AU | Online Naturopath,Online Naturopath Consult AU,course,Phrase
WW | AU | Online Naturopath,Online Naturopath Consult AU,courses,Phrase
WW | AU | Online Naturopath,Online Naturopath Consult AU,class,Phrase
WW | AU | Online Naturopath,Online Naturopath Consult AU,classes,Phrase
WW | AU | Online Naturopath,Online Naturopath Consult AU,training,Phrase
WW | AU | Online Naturopath,Online Naturopath Consult AU,become a naturopath,Phrase
WW | AU | Online Naturopath,Online Naturopath Consult AU,school,Phrase
WW | AU | Online Naturopath,Online Naturopath Consult AU,degree,Phrase
WW | AU | Online Naturopath,Online Naturopath Consult AU,diploma,Phrase
WW | AU | Online Naturopath,Online Naturopath Consult AU,certificate,Phrase
WW | AU | Online Naturopath,Online Naturopath Consult AU,university,Phrase
WW | AU | Online Naturopath,Online Naturopath Consult AU,salary,Phrase
WW | AU | Online Naturopath,Online Naturopath Consult AU,wage,Phrase
WW | AU | Online Naturopath,Online Naturopath Consult AU,what is,Phrase
WW | AU | Online Naturopath,Online Naturopath Consult AU,definition,Phrase
WW | AU | Online Naturopath,Online Naturopath Consult AU,meaning,Phrase
WW | AU | Online Naturopath,Online Naturopath Consult AU,wikipedia,Phrase
WW | AU | Online Naturopath,Online Naturopath Consult AU,wiki,Phrase
WW | AU | Online Naturopath,Online Naturopath Consult AU,reddit,Phrase
WW | AU | Online Naturopath,Online Naturopath Consult AU,forum,Phrase
WW | AU | Online Naturopath,Online Naturopath Consult AU,quora,Phrase
WW | AU | Online Naturopath,Online Naturopath Consult AU,pdf,Phrase
WW | AU | Online Naturopath,Online Naturopath Consult AU,doctor,Phrase
WW | AU | Online Naturopath,Online Naturopath Consult AU,gp,Phrase
WW | AU | Online Naturopath,Online Naturopath Consult AU,dermatologist,Phrase
WW | AU | Online Naturopath,Online Naturopath Consult AU,pharmacy,Phrase
WW | AU | Online Naturopath,Online Naturopath Consult AU,chemist,Phrase
WW | AU | Online Naturopath,Online Naturopath Consult AU,prescription,Phrase
WW | AU | Online Naturopath,Online Naturopath Consult AU,medication,Phrase
WW | AU | Online Naturopath,Online Naturopath Consult AU,cream,Phrase
WW | AU | Online Naturopath,Online Naturopath Consult AU,ointment,Phrase
WW | AU | Online Naturopath,Online Naturopath Consult AU,steroid cream,Phrase
WW | AU | Online Naturopath,Online Naturopath Consult AU,dupixent,Phrase
WW | AU | Online Naturopath,Online Naturopath Consult AU,cure,Phrase
WW | AU | Online Naturopath,Online Naturopath Consult AU,detox,Phrase
WW | AU | Online Naturopath,Online Naturopath Consult AU,cleanse,Phrase
WW | AU | Online Naturopath,Online Naturopath Consult AU,eczema,Phrase
WW | AU | Online Naturopath,Online Naturopath Consult AU,tsw,Phrase
WW | AU | Online Naturopath,Online Naturopath Consult AU,topical steroid withdrawal,Phrase
WW | AU | Online Naturopath,Online Naturopath Consult AU,psoriasis,Phrase
WW | AU | Online Naturopath,Online Naturopath Consult AU,acne,Phrase
WW | AU | Online Naturopath,Online Naturopath Consult AU,rosacea,Phrase
WW | AU | Online Naturopath,Online Naturopath Consult AU,skin infection,Phrase
WW | AU | Online Naturopath,Online Naturopath Consult AU,urticaria,Phrase
WW | AU | Online Naturopath,Online Naturopath Consult AU,near me,Phrase
WW | AU | Online Naturopath,Online Naturopath Consult AU,nz,Phrase
WW | AU | Online Naturopath,Online Naturopath Consult AU,new zealand,Phrase
WW | AU | Online Naturopath,Online Naturopath Consult AU,auckland,Phrase
WW | AU | Online Naturopath,Online Naturopath Consult AU,wellington,Phrase
WW | AU | Online Naturopath,Online Naturopath Consult AU,hamilton,Phrase
WW | AU | Online Naturopath,Online Naturopath Consult AU,christchurch,Phrase
WW | AU | Online Naturopath,Online Naturopath Consult AU,medicare,Phrase
WW | AU | Online Naturopath,Online Naturopath Consult AU,bulk billing,Phrase
WW | AU | Online Naturopath,Online Naturopath Consult AU,rebate,Phrase
WW | AU | Online Naturopath,Online Naturopath Consult AU,health fund,Phrase
WW | AU | Online Naturopath,General Naturopathy AU,free,Phrase
WW | AU | Online Naturopath,General Naturopathy AU,jobs,Phrase
WW | AU | Online Naturopath,General Naturopathy AU,job,Phrase
WW | AU | Online Naturopath,General Naturopathy AU,career,Phrase
WW | AU | Online Naturopath,General Naturopathy AU,careers,Phrase
WW | AU | Online Naturopath,General Naturopathy AU,course,Phrase
WW | AU | Online Naturopath,General Naturopathy AU,courses,Phrase
WW | AU | Online Naturopath,General Naturopathy AU,class,Phrase
WW | AU | Online Naturopath,General Naturopathy AU,classes,Phrase
WW | AU | Online Naturopath,General Naturopathy AU,training,Phrase
WW | AU | Online Naturopath,General Naturopathy AU,become a naturopath,Phrase
WW | AU | Online Naturopath,General Naturopathy AU,school,Phrase
WW | AU | Online Naturopath,General Naturopathy AU,degree,Phrase
WW | AU | Online Naturopath,General Naturopathy AU,diploma,Phrase
WW | AU | Online Naturopath,General Naturopathy AU,certificate,Phrase
WW | AU | Online Naturopath,General Naturopathy AU,university,Phrase
WW | AU | Online Naturopath,General Naturopathy AU,salary,Phrase
WW | AU | Online Naturopath,General Naturopathy AU,wage,Phrase
WW | AU | Online Naturopath,General Naturopathy AU,what is,Phrase
WW | AU | Online Naturopath,General Naturopathy AU,definition,Phrase
WW | AU | Online Naturopath,General Naturopathy AU,meaning,Phrase
WW | AU | Online Naturopath,General Naturopathy AU,wikipedia,Phrase
WW | AU | Online Naturopath,General Naturopathy AU,wiki,Phrase
WW | AU | Online Naturopath,General Naturopathy AU,reddit,Phrase
WW | AU | Online Naturopath,General Naturopathy AU,forum,Phrase
WW | AU | Online Naturopath,General Naturopathy AU,quora,Phrase
WW | AU | Online Naturopath,General Naturopathy AU,pdf,Phrase
WW | AU | Online Naturopath,General Naturopathy AU,doctor,Phrase
WW | AU | Online Naturopath,General Naturopathy AU,gp,Phrase
WW | AU | Online Naturopath,General Naturopathy AU,dermatologist,Phrase
WW | AU | Online Naturopath,General Naturopathy AU,pharmacy,Phrase
WW | AU | Online Naturopath,General Naturopathy AU,chemist,Phrase
WW | AU | Online Naturopath,General Naturopathy AU,prescription,Phrase
WW | AU | Online Naturopath,General Naturopathy AU,medication,Phrase
WW | AU | Online Naturopath,General Naturopathy AU,cream,Phrase
WW | AU | Online Naturopath,General Naturopathy AU,ointment,Phrase
WW | AU | Online Naturopath,General Naturopathy AU,steroid cream,Phrase
WW | AU | Online Naturopath,General Naturopathy AU,dupixent,Phrase
WW | AU | Online Naturopath,General Naturopathy AU,cure,Phrase
WW | AU | Online Naturopath,General Naturopathy AU,detox,Phrase
WW | AU | Online Naturopath,General Naturopathy AU,cleanse,Phrase
WW | AU | Online Naturopath,General Naturopathy AU,eczema,Phrase
WW | AU | Online Naturopath,General Naturopathy AU,tsw,Phrase
WW | AU | Online Naturopath,General Naturopathy AU,topical steroid withdrawal,Phrase
WW | AU | Online Naturopath,General Naturopathy AU,psoriasis,Phrase
WW | AU | Online Naturopath,General Naturopathy AU,acne,Phrase
WW | AU | Online Naturopath,General Naturopathy AU,rosacea,Phrase
WW | AU | Online Naturopath,General Naturopathy AU,skin infection,Phrase
WW | AU | Online Naturopath,General Naturopathy AU,urticaria,Phrase
WW | AU | Online Naturopath,General Naturopathy AU,near me,Phrase
WW | AU | Online Naturopath,General Naturopathy AU,nz,Phrase
WW | AU | Online Naturopath,General Naturopathy AU,new zealand,Phrase
WW | AU | Online Naturopath,General Naturopathy AU,auckland,Phrase
WW | AU | Online Naturopath,General Naturopathy AU,wellington,Phrase
WW | AU | Online Naturopath,General Naturopathy AU,hamilton,Phrase
WW | AU | Online Naturopath,General Naturopathy AU,christchurch,Phrase
WW | AU | Online Naturopath,General Naturopathy AU,medicare,Phrase
WW | AU | Online Naturopath,General Naturopathy AU,bulk billing,Phrase
WW | AU | Online Naturopath,General Naturopathy AU,rebate,Phrase
WW | AU | Online Naturopath,General Naturopathy AU,health fund,Phrase
WW | AU | Online Naturopath,General Naturopathy AU,online,Phrase
WW | AU | Online Naturopath,Gut & Digestive Health AU,free,Phrase
WW | AU | Online Naturopath,Gut & Digestive Health AU,jobs,Phrase
WW | AU | Online Naturopath,Gut & Digestive Health AU,job,Phrase
WW | AU | Online Naturopath,Gut & Digestive Health AU,career,Phrase
WW | AU | Online Naturopath,Gut & Digestive Health AU,careers,Phrase
WW | AU | Online Naturopath,Gut & Digestive Health AU,course,Phrase
WW | AU | Online Naturopath,Gut & Digestive Health AU,courses,Phrase
WW | AU | Online Naturopath,Gut & Digestive Health AU,class,Phrase
WW | AU | Online Naturopath,Gut & Digestive Health AU,classes,Phrase
WW | AU | Online Naturopath,Gut & Digestive Health AU,training,Phrase
WW | AU | Online Naturopath,Gut & Digestive Health AU,become a naturopath,Phrase
WW | AU | Online Naturopath,Gut & Digestive Health AU,school,Phrase
WW | AU | Online Naturopath,Gut & Digestive Health AU,degree,Phrase
WW | AU | Online Naturopath,Gut & Digestive Health AU,diploma,Phrase
WW | AU | Online Naturopath,Gut & Digestive Health AU,certificate,Phrase
WW | AU | Online Naturopath,Gut & Digestive Health AU,university,Phrase
WW | AU | Online Naturopath,Gut & Digestive Health AU,salary,Phrase
WW | AU | Online Naturopath,Gut & Digestive Health AU,wage,Phrase
WW | AU | Online Naturopath,Gut & Digestive Health AU,what is,Phrase
WW | AU | Online Naturopath,Gut & Digestive Health AU,definition,Phrase
WW | AU | Online Naturopath,Gut & Digestive Health AU,meaning,Phrase
WW | AU | Online Naturopath,Gut & Digestive Health AU,wikipedia,Phrase
WW | AU | Online Naturopath,Gut & Digestive Health AU,wiki,Phrase
WW | AU | Online Naturopath,Gut & Digestive Health AU,reddit,Phrase
WW | AU | Online Naturopath,Gut & Digestive Health AU,forum,Phrase
WW | AU | Online Naturopath,Gut & Digestive Health AU,quora,Phrase
WW | AU | Online Naturopath,Gut & Digestive Health AU,pdf,Phrase
WW | AU | Online Naturopath,Gut & Digestive Health AU,doctor,Phrase
WW | AU | Online Naturopath,Gut & Digestive Health AU,gp,Phrase
WW | AU | Online Naturopath,Gut & Digestive Health AU,dermatologist,Phrase
WW | AU | Online Naturopath,Gut & Digestive Health AU,pharmacy,Phrase
WW | AU | Online Naturopath,Gut & Digestive Health AU,chemist,Phrase
WW | AU | Online Naturopath,Gut & Digestive Health AU,prescription,Phrase
WW | AU | Online Naturopath,Gut & Digestive Health AU,medication,Phrase
WW | AU | Online Naturopath,Gut & Digestive Health AU,cream,Phrase
WW | AU | Online Naturopath,Gut & Digestive Health AU,ointment,Phrase
WW | AU | Online Naturopath,Gut & Digestive Health AU,steroid cream,Phrase
WW | AU | Online Naturopath,Gut & Digestive Health AU,dupixent,Phrase
WW | AU | Online Naturopath,Gut & Digestive Health AU,cure,Phrase
WW | AU | Online Naturopath,Gut & Digestive Health AU,detox,Phrase
WW | AU | Online Naturopath,Gut & Digestive Health AU,cleanse,Phrase
WW | AU | Online Naturopath,Gut & Digestive Health AU,eczema,Phrase
WW | AU | Online Naturopath,Gut & Digestive Health AU,tsw,Phrase
WW | AU | Online Naturopath,Gut & Digestive Health AU,topical steroid withdrawal,Phrase
WW | AU | Online Naturopath,Gut & Digestive Health AU,psoriasis,Phrase
WW | AU | Online Naturopath,Gut & Digestive Health AU,acne,Phrase
WW | AU | Online Naturopath,Gut & Digestive Health AU,rosacea,Phrase
WW | AU | Online Naturopath,Gut & Digestive Health AU,skin infection,Phrase
WW | AU | Online Naturopath,Gut & Digestive Health AU,urticaria,Phrase
WW | AU | Online Naturopath,Gut & Digestive Health AU,near me,Phrase
WW | AU | Online Naturopath,Gut & Digestive Health AU,nz,Phrase
WW | AU | Online Naturopath,Gut & Digestive Health AU,new zealand,Phrase
WW | AU | Online Naturopath,Gut & Digestive Health AU,auckland,Phrase
WW | AU | Online Naturopath,Gut & Digestive Health AU,wellington,Phrase
WW | AU | Online Naturopath,Gut & Digestive Health AU,hamilton,Phrase
WW | AU | Online Naturopath,Gut & Digestive Health AU,christchurch,Phrase
WW | AU | Online Naturopath,Gut & Digestive Health AU,medicare,Phrase
WW | AU | Online Naturopath,Gut & Digestive Health AU,bulk billing,Phrase
WW | AU | Online Naturopath,Gut & Digestive Health AU,rebate,Phrase
WW | AU | Online Naturopath,Gut & Digestive Health AU,health fund,Phrase
WW | AU | Online Naturopath,Hormones & Women's Health AU,free,Phrase
WW | AU | Online Naturopath,Hormones & Women's Health AU,jobs,Phrase
WW | AU | Online Naturopath,Hormones & Women's Health AU,job,Phrase
WW | AU | Online Naturopath,Hormones & Women's Health AU,career,Phrase
WW | AU | Online Naturopath,Hormones & Women's Health AU,careers,Phrase
WW | AU | Online Naturopath,Hormones & Women's Health AU,course,Phrase
WW | AU | Online Naturopath,Hormones & Women's Health AU,courses,Phrase
WW | AU | Online Naturopath,Hormones & Women's Health AU,class,Phrase
WW | AU | Online Naturopath,Hormones & Women's Health AU,classes,Phrase
WW | AU | Online Naturopath,Hormones & Women's Health AU,training,Phrase
WW | AU | Online Naturopath,Hormones & Women's Health AU,become a naturopath,Phrase
WW | AU | Online Naturopath,Hormones & Women's Health AU,school,Phrase
WW | AU | Online Naturopath,Hormones & Women's Health AU,degree,Phrase
WW | AU | Online Naturopath,Hormones & Women's Health AU,diploma,Phrase
WW | AU | Online Naturopath,Hormones & Women's Health AU,certificate,Phrase
WW | AU | Online Naturopath,Hormones & Women's Health AU,university,Phrase
WW | AU | Online Naturopath,Hormones & Women's Health AU,salary,Phrase
WW | AU | Online Naturopath,Hormones & Women's Health AU,wage,Phrase
WW | AU | Online Naturopath,Hormones & Women's Health AU,what is,Phrase
WW | AU | Online Naturopath,Hormones & Women's Health AU,definition,Phrase
WW | AU | Online Naturopath,Hormones & Women's Health AU,meaning,Phrase
WW | AU | Online Naturopath,Hormones & Women's Health AU,wikipedia,Phrase
WW | AU | Online Naturopath,Hormones & Women's Health AU,wiki,Phrase
WW | AU | Online Naturopath,Hormones & Women's Health AU,reddit,Phrase
WW | AU | Online Naturopath,Hormones & Women's Health AU,forum,Phrase
WW | AU | Online Naturopath,Hormones & Women's Health AU,quora,Phrase
WW | AU | Online Naturopath,Hormones & Women's Health AU,pdf,Phrase
WW | AU | Online Naturopath,Hormones & Women's Health AU,doctor,Phrase
WW | AU | Online Naturopath,Hormones & Women's Health AU,gp,Phrase
WW | AU | Online Naturopath,Hormones & Women's Health AU,dermatologist,Phrase
WW | AU | Online Naturopath,Hormones & Women's Health AU,pharmacy,Phrase
WW | AU | Online Naturopath,Hormones & Women's Health AU,chemist,Phrase
WW | AU | Online Naturopath,Hormones & Women's Health AU,prescription,Phrase
WW | AU | Online Naturopath,Hormones & Women's Health AU,medication,Phrase
WW | AU | Online Naturopath,Hormones & Women's Health AU,cream,Phrase
WW | AU | Online Naturopath,Hormones & Women's Health AU,ointment,Phrase
WW | AU | Online Naturopath,Hormones & Women's Health AU,steroid cream,Phrase
WW | AU | Online Naturopath,Hormones & Women's Health AU,dupixent,Phrase
WW | AU | Online Naturopath,Hormones & Women's Health AU,cure,Phrase
WW | AU | Online Naturopath,Hormones & Women's Health AU,detox,Phrase
WW | AU | Online Naturopath,Hormones & Women's Health AU,cleanse,Phrase
WW | AU | Online Naturopath,Hormones & Women's Health AU,eczema,Phrase
WW | AU | Online Naturopath,Hormones & Women's Health AU,tsw,Phrase
WW | AU | Online Naturopath,Hormones & Women's Health AU,topical steroid withdrawal,Phrase
WW | AU | Online Naturopath,Hormones & Women's Health AU,psoriasis,Phrase
WW | AU | Online Naturopath,Hormones & Women's Health AU,acne,Phrase
WW | AU | Online Naturopath,Hormones & Women's Health AU,rosacea,Phrase
WW | AU | Online Naturopath,Hormones & Women's Health AU,skin infection,Phrase
WW | AU | Online Naturopath,Hormones & Women's Health AU,urticaria,Phrase
WW | AU | Online Naturopath,Hormones & Women's Health AU,near me,Phrase
WW | AU | Online Naturopath,Hormones & Women's Health AU,nz,Phrase
WW | AU | Online Naturopath,Hormones & Women's Health AU,new zealand,Phrase
WW | AU | Online Naturopath,Hormones & Women's Health AU,auckland,Phrase
WW | AU | Online Naturopath,Hormones & Women's Health AU,wellington,Phrase
WW | AU | Online Naturopath,Hormones & Women's Health AU,hamilton,Phrase
WW | AU | Online Naturopath,Hormones & Women's Health AU,christchurch,Phrase
WW | AU | Online Naturopath,Hormones & Women's Health AU,medicare,Phrase
WW | AU | Online Naturopath,Hormones & Women's Health AU,bulk billing,Phrase
WW | AU | Online Naturopath,Hormones & Women's Health AU,rebate,Phrase
WW | AU | Online Naturopath,Hormones & Women's Health AU,health fund,Phrase
WW | AU | Online Naturopath,Hormones & Women's Health AU,pcos,Phrase
WW | AU | Online Naturopath,Hormones & Women's Health AU,hashimoto,Phrase
WW | AU | Online Naturopath,Hormones & Women's Health AU,thyroid disease,Phrase
WW | AU | Online Naturopath,Hormones & Women's Health AU,autoimmune disease,Phrase
WW | AU | Online Naturopath,Hormones & Women's Health AU,cancer,Phrase
WW | AU | Online Naturopath,Hormones & Women's Health AU,diabetes,Phrase
WW | AU | Online Naturopath,Hormones & Women's Health AU,depression,Phrase
WW | AU | Online Naturopath,Fatigue & Energy AU,free,Phrase
WW | AU | Online Naturopath,Fatigue & Energy AU,jobs,Phrase
WW | AU | Online Naturopath,Fatigue & Energy AU,job,Phrase
WW | AU | Online Naturopath,Fatigue & Energy AU,career,Phrase
WW | AU | Online Naturopath,Fatigue & Energy AU,careers,Phrase
WW | AU | Online Naturopath,Fatigue & Energy AU,course,Phrase
WW | AU | Online Naturopath,Fatigue & Energy AU,courses,Phrase
WW | AU | Online Naturopath,Fatigue & Energy AU,class,Phrase
WW | AU | Online Naturopath,Fatigue & Energy AU,classes,Phrase
WW | AU | Online Naturopath,Fatigue & Energy AU,training,Phrase
WW | AU | Online Naturopath,Fatigue & Energy AU,become a naturopath,Phrase
WW | AU | Online Naturopath,Fatigue & Energy AU,school,Phrase
WW | AU | Online Naturopath,Fatigue & Energy AU,degree,Phrase
WW | AU | Online Naturopath,Fatigue & Energy AU,diploma,Phrase
WW | AU | Online Naturopath,Fatigue & Energy AU,certificate,Phrase
WW | AU | Online Naturopath,Fatigue & Energy AU,university,Phrase
WW | AU | Online Naturopath,Fatigue & Energy AU,salary,Phrase
WW | AU | Online Naturopath,Fatigue & Energy AU,wage,Phrase
WW | AU | Online Naturopath,Fatigue & Energy AU,what is,Phrase
WW | AU | Online Naturopath,Fatigue & Energy AU,definition,Phrase
WW | AU | Online Naturopath,Fatigue & Energy AU,meaning,Phrase
WW | AU | Online Naturopath,Fatigue & Energy AU,wikipedia,Phrase
WW | AU | Online Naturopath,Fatigue & Energy AU,wiki,Phrase
WW | AU | Online Naturopath,Fatigue & Energy AU,reddit,Phrase
WW | AU | Online Naturopath,Fatigue & Energy AU,forum,Phrase
WW | AU | Online Naturopath,Fatigue & Energy AU,quora,Phrase
WW | AU | Online Naturopath,Fatigue & Energy AU,pdf,Phrase
WW | AU | Online Naturopath,Fatigue & Energy AU,doctor,Phrase
WW | AU | Online Naturopath,Fatigue & Energy AU,gp,Phrase
WW | AU | Online Naturopath,Fatigue & Energy AU,dermatologist,Phrase
WW | AU | Online Naturopath,Fatigue & Energy AU,pharmacy,Phrase
WW | AU | Online Naturopath,Fatigue & Energy AU,chemist,Phrase
WW | AU | Online Naturopath,Fatigue & Energy AU,prescription,Phrase
WW | AU | Online Naturopath,Fatigue & Energy AU,medication,Phrase
WW | AU | Online Naturopath,Fatigue & Energy AU,cream,Phrase
WW | AU | Online Naturopath,Fatigue & Energy AU,ointment,Phrase
WW | AU | Online Naturopath,Fatigue & Energy AU,steroid cream,Phrase
WW | AU | Online Naturopath,Fatigue & Energy AU,dupixent,Phrase
WW | AU | Online Naturopath,Fatigue & Energy AU,cure,Phrase
WW | AU | Online Naturopath,Fatigue & Energy AU,detox,Phrase
WW | AU | Online Naturopath,Fatigue & Energy AU,cleanse,Phrase
WW | AU | Online Naturopath,Fatigue & Energy AU,eczema,Phrase
WW | AU | Online Naturopath,Fatigue & Energy AU,tsw,Phrase
WW | AU | Online Naturopath,Fatigue & Energy AU,topical steroid withdrawal,Phrase
WW | AU | Online Naturopath,Fatigue & Energy AU,psoriasis,Phrase
WW | AU | Online Naturopath,Fatigue & Energy AU,acne,Phrase
WW | AU | Online Naturopath,Fatigue & Energy AU,rosacea,Phrase
WW | AU | Online Naturopath,Fatigue & Energy AU,skin infection,Phrase
WW | AU | Online Naturopath,Fatigue & Energy AU,urticaria,Phrase
WW | AU | Online Naturopath,Fatigue & Energy AU,near me,Phrase
WW | AU | Online Naturopath,Fatigue & Energy AU,nz,Phrase
WW | AU | Online Naturopath,Fatigue & Energy AU,new zealand,Phrase
WW | AU | Online Naturopath,Fatigue & Energy AU,auckland,Phrase
WW | AU | Online Naturopath,Fatigue & Energy AU,wellington,Phrase
WW | AU | Online Naturopath,Fatigue & Energy AU,hamilton,Phrase
WW | AU | Online Naturopath,Fatigue & Energy AU,christchurch,Phrase
WW | AU | Online Naturopath,Fatigue & Energy AU,medicare,Phrase
WW | AU | Online Naturopath,Fatigue & Energy AU,bulk billing,Phrase
WW | AU | Online Naturopath,Fatigue & Energy AU,rebate,Phrase
WW | AU | Online Naturopath,Fatigue & Energy AU,health fund,Phrase
WW | AU | Skin Conditions,Eczema AU,free,Phrase
WW | AU | Skin Conditions,Eczema AU,jobs,Phrase
WW | AU | Skin Conditions,Eczema AU,job,Phrase
WW | AU | Skin Conditions,Eczema AU,career,Phrase
WW | AU | Skin Conditions,Eczema AU,careers,Phrase
WW | AU | Skin Conditions,Eczema AU,course,Phrase
WW | AU | Skin Conditions,Eczema AU,courses,Phrase
WW | AU | Skin Conditions,Eczema AU,class,Phrase
WW | AU | Skin Conditions,Eczema AU,classes,Phrase
WW | AU | Skin Conditions,Eczema AU,training,Phrase
WW | AU | Skin Conditions,Eczema AU,become a naturopath,Phrase
WW | AU | Skin Conditions,Eczema AU,school,Phrase
WW | AU | Skin Conditions,Eczema AU,degree,Phrase
WW | AU | Skin Conditions,Eczema AU,diploma,Phrase
WW | AU | Skin Conditions,Eczema AU,certificate,Phrase
WW | AU | Skin Conditions,Eczema AU,university,Phrase
WW | AU | Skin Conditions,Eczema AU,salary,Phrase
WW | AU | Skin Conditions,Eczema AU,wage,Phrase
WW | AU | Skin Conditions,Eczema AU,what is,Phrase
WW | AU | Skin Conditions,Eczema AU,definition,Phrase
WW | AU | Skin Conditions,Eczema AU,meaning,Phrase
WW | AU | Skin Conditions,Eczema AU,wikipedia,Phrase
WW | AU | Skin Conditions,Eczema AU,wiki,Phrase
WW | AU | Skin Conditions,Eczema AU,reddit,Phrase
WW | AU | Skin Conditions,Eczema AU,forum,Phrase
WW | AU | Skin Conditions,Eczema AU,quora,Phrase
WW | AU | Skin Conditions,Eczema AU,pdf,Phrase
WW | AU | Skin Conditions,Eczema AU,doctor,Phrase
WW | AU | Skin Conditions,Eczema AU,gp,Phrase
WW | AU | Skin Conditions,Eczema AU,dermatologist,Phrase
WW | AU | Skin Conditions,Eczema AU,pharmacy,Phrase
WW | AU | Skin Conditions,Eczema AU,chemist,Phrase
WW | AU | Skin Conditions,Eczema AU,prescription,Phrase
WW | AU | Skin Conditions,Eczema AU,medication,Phrase
WW | AU | Skin Conditions,Eczema AU,cream,Phrase
WW | AU | Skin Conditions,Eczema AU,ointment,Phrase
WW | AU | Skin Conditions,Eczema AU,steroid cream,Phrase
WW | AU | Skin Conditions,Eczema AU,dupixent,Phrase
WW | AU | Skin Conditions,Eczema AU,cure,Phrase
WW | AU | Skin Conditions,Eczema AU,detox,Phrase
WW | AU | Skin Conditions,Eczema AU,cleanse,Phrase
WW | AU | Skin Conditions,Eczema AU,near me,Phrase
WW | AU | Skin Conditions,Eczema AU,nz,Phrase
WW | AU | Skin Conditions,Eczema AU,new zealand,Phrase
WW | AU | Skin Conditions,Eczema AU,auckland,Phrase
WW | AU | Skin Conditions,Eczema AU,wellington,Phrase
WW | AU | Skin Conditions,Eczema AU,hamilton,Phrase
WW | AU | Skin Conditions,Eczema AU,christchurch,Phrase
WW | AU | Skin Conditions,Eczema AU,medicare,Phrase
WW | AU | Skin Conditions,Eczema AU,bulk billing,Phrase
WW | AU | Skin Conditions,Eczema AU,rebate,Phrase
WW | AU | Skin Conditions,Eczema AU,health fund,Phrase
WW | AU | Skin Conditions,Eczema AU,tsw,Phrase
WW | AU | Skin Conditions,Eczema AU,topical steroid withdrawal,Phrase
WW | AU | Skin Conditions,Eczema AU,psoriasis,Phrase
WW | AU | Skin Conditions,Eczema AU,acne,Phrase
WW | AU | Skin Conditions,Eczema AU,rosacea,Phrase
WW | AU | Skin Conditions,Eczema AU,skin infection,Phrase
WW | AU | Skin Conditions,Eczema AU,urticaria,Phrase
WW | AU | Skin Conditions,TSW AU,free,Phrase
WW | AU | Skin Conditions,TSW AU,jobs,Phrase
WW | AU | Skin Conditions,TSW AU,job,Phrase
WW | AU | Skin Conditions,TSW AU,career,Phrase
WW | AU | Skin Conditions,TSW AU,careers,Phrase
WW | AU | Skin Conditions,TSW AU,course,Phrase
WW | AU | Skin Conditions,TSW AU,courses,Phrase
WW | AU | Skin Conditions,TSW AU,class,Phrase
WW | AU | Skin Conditions,TSW AU,classes,Phrase
WW | AU | Skin Conditions,TSW AU,training,Phrase
WW | AU | Skin Conditions,TSW AU,become a naturopath,Phrase
WW | AU | Skin Conditions,TSW AU,school,Phrase
WW | AU | Skin Conditions,TSW AU,degree,Phrase
WW | AU | Skin Conditions,TSW AU,diploma,Phrase
WW | AU | Skin Conditions,TSW AU,certificate,Phrase
WW | AU | Skin Conditions,TSW AU,university,Phrase
WW | AU | Skin Conditions,TSW AU,salary,Phrase
WW | AU | Skin Conditions,TSW AU,wage,Phrase
WW | AU | Skin Conditions,TSW AU,what is,Phrase
WW | AU | Skin Conditions,TSW AU,definition,Phrase
WW | AU | Skin Conditions,TSW AU,meaning,Phrase
WW | AU | Skin Conditions,TSW AU,wikipedia,Phrase
WW | AU | Skin Conditions,TSW AU,wiki,Phrase
WW | AU | Skin Conditions,TSW AU,reddit,Phrase
WW | AU | Skin Conditions,TSW AU,forum,Phrase
WW | AU | Skin Conditions,TSW AU,quora,Phrase
WW | AU | Skin Conditions,TSW AU,pdf,Phrase
WW | AU | Skin Conditions,TSW AU,doctor,Phrase
WW | AU | Skin Conditions,TSW AU,gp,Phrase
WW | AU | Skin Conditions,TSW AU,dermatologist,Phrase
WW | AU | Skin Conditions,TSW AU,pharmacy,Phrase
WW | AU | Skin Conditions,TSW AU,chemist,Phrase
WW | AU | Skin Conditions,TSW AU,prescription,Phrase
WW | AU | Skin Conditions,TSW AU,medication,Phrase
WW | AU | Skin Conditions,TSW AU,cream,Phrase
WW | AU | Skin Conditions,TSW AU,ointment,Phrase
WW | AU | Skin Conditions,TSW AU,steroid cream,Phrase
WW | AU | Skin Conditions,TSW AU,dupixent,Phrase
WW | AU | Skin Conditions,TSW AU,cure,Phrase
WW | AU | Skin Conditions,TSW AU,detox,Phrase
WW | AU | Skin Conditions,TSW AU,cleanse,Phrase
WW | AU | Skin Conditions,TSW AU,near me,Phrase
WW | AU | Skin Conditions,TSW AU,nz,Phrase
WW | AU | Skin Conditions,TSW AU,new zealand,Phrase
WW | AU | Skin Conditions,TSW AU,auckland,Phrase
WW | AU | Skin Conditions,TSW AU,wellington,Phrase
WW | AU | Skin Conditions,TSW AU,hamilton,Phrase
WW | AU | Skin Conditions,TSW AU,christchurch,Phrase
WW | AU | Skin Conditions,TSW AU,medicare,Phrase
WW | AU | Skin Conditions,TSW AU,bulk billing,Phrase
WW | AU | Skin Conditions,TSW AU,rebate,Phrase
WW | AU | Skin Conditions,TSW AU,health fund,Phrase
WW | AU | Skin Conditions,TSW AU,eczema,Phrase
WW | AU | Skin Conditions,TSW AU,psoriasis,Phrase
WW | AU | Skin Conditions,TSW AU,acne,Phrase
WW | AU | Skin Conditions,TSW AU,rosacea,Phrase
WW | AU | Skin Conditions,TSW AU,skin infection,Phrase
WW | AU | Skin Conditions,TSW AU,urticaria,Phrase
WW | AU | Skin Conditions,Psoriasis AU,free,Phrase
WW | AU | Skin Conditions,Psoriasis AU,jobs,Phrase
WW | AU | Skin Conditions,Psoriasis AU,job,Phrase
WW | AU | Skin Conditions,Psoriasis AU,career,Phrase
WW | AU | Skin Conditions,Psoriasis AU,careers,Phrase
WW | AU | Skin Conditions,Psoriasis AU,course,Phrase
WW | AU | Skin Conditions,Psoriasis AU,courses,Phrase
WW | AU | Skin Conditions,Psoriasis AU,class,Phrase
WW | AU | Skin Conditions,Psoriasis AU,classes,Phrase
WW | AU | Skin Conditions,Psoriasis AU,training,Phrase
WW | AU | Skin Conditions,Psoriasis AU,become a naturopath,Phrase
WW | AU | Skin Conditions,Psoriasis AU,school,Phrase
WW | AU | Skin Conditions,Psoriasis AU,degree,Phrase
WW | AU | Skin Conditions,Psoriasis AU,diploma,Phrase
WW | AU | Skin Conditions,Psoriasis AU,certificate,Phrase
WW | AU | Skin Conditions,Psoriasis AU,university,Phrase
WW | AU | Skin Conditions,Psoriasis AU,salary,Phrase
WW | AU | Skin Conditions,Psoriasis AU,wage,Phrase
WW | AU | Skin Conditions,Psoriasis AU,what is,Phrase
WW | AU | Skin Conditions,Psoriasis AU,definition,Phrase
WW | AU | Skin Conditions,Psoriasis AU,meaning,Phrase
WW | AU | Skin Conditions,Psoriasis AU,wikipedia,Phrase
WW | AU | Skin Conditions,Psoriasis AU,wiki,Phrase
WW | AU | Skin Conditions,Psoriasis AU,reddit,Phrase
WW | AU | Skin Conditions,Psoriasis AU,forum,Phrase
WW | AU | Skin Conditions,Psoriasis AU,quora,Phrase
WW | AU | Skin Conditions,Psoriasis AU,pdf,Phrase
WW | AU | Skin Conditions,Psoriasis AU,doctor,Phrase
WW | AU | Skin Conditions,Psoriasis AU,gp,Phrase
WW | AU | Skin Conditions,Psoriasis AU,dermatologist,Phrase
WW | AU | Skin Conditions,Psoriasis AU,pharmacy,Phrase
WW | AU | Skin Conditions,Psoriasis AU,chemist,Phrase
WW | AU | Skin Conditions,Psoriasis AU,prescription,Phrase
WW | AU | Skin Conditions,Psoriasis AU,medication,Phrase
WW | AU | Skin Conditions,Psoriasis AU,cream,Phrase
WW | AU | Skin Conditions,Psoriasis AU,ointment,Phrase
WW | AU | Skin Conditions,Psoriasis AU,steroid cream,Phrase
WW | AU | Skin Conditions,Psoriasis AU,dupixent,Phrase
WW | AU | Skin Conditions,Psoriasis AU,cure,Phrase
WW | AU | Skin Conditions,Psoriasis AU,detox,Phrase
WW | AU | Skin Conditions,Psoriasis AU,cleanse,Phrase
WW | AU | Skin Conditions,Psoriasis AU,near me,Phrase
WW | AU | Skin Conditions,Psoriasis AU,nz,Phrase
WW | AU | Skin Conditions,Psoriasis AU,new zealand,Phrase
WW | AU | Skin Conditions,Psoriasis AU,auckland,Phrase
WW | AU | Skin Conditions,Psoriasis AU,wellington,Phrase
WW | AU | Skin Conditions,Psoriasis AU,hamilton,Phrase
WW | AU | Skin Conditions,Psoriasis AU,christchurch,Phrase
WW | AU | Skin Conditions,Psoriasis AU,medicare,Phrase
WW | AU | Skin Conditions,Psoriasis AU,bulk billing,Phrase
WW | AU | Skin Conditions,Psoriasis AU,rebate,Phrase
WW | AU | Skin Conditions,Psoriasis AU,health fund,Phrase
WW | AU | Skin Conditions,Psoriasis AU,eczema,Phrase
WW | AU | Skin Conditions,Psoriasis AU,tsw,Phrase
WW | AU | Skin Conditions,Psoriasis AU,topical steroid withdrawal,Phrase
WW | AU | Skin Conditions,Psoriasis AU,acne,Phrase
WW | AU | Skin Conditions,Psoriasis AU,rosacea,Phrase
WW | AU | Skin Conditions,Psoriasis AU,skin infection,Phrase
WW | AU | Skin Conditions,Psoriasis AU,urticaria,Phrase
WW | AU | Skin Conditions,Acne AU,free,Phrase
WW | AU | Skin Conditions,Acne AU,jobs,Phrase
WW | AU | Skin Conditions,Acne AU,job,Phrase
WW | AU | Skin Conditions,Acne AU,career,Phrase
WW | AU | Skin Conditions,Acne AU,careers,Phrase
WW | AU | Skin Conditions,Acne AU,course,Phrase
WW | AU | Skin Conditions,Acne AU,courses,Phrase
WW | AU | Skin Conditions,Acne AU,class,Phrase
WW | AU | Skin Conditions,Acne AU,classes,Phrase
WW | AU | Skin Conditions,Acne AU,training,Phrase
WW | AU | Skin Conditions,Acne AU,become a naturopath,Phrase
WW | AU | Skin Conditions,Acne AU,school,Phrase
WW | AU | Skin Conditions,Acne AU,degree,Phrase
WW | AU | Skin Conditions,Acne AU,diploma,Phrase
WW | AU | Skin Conditions,Acne AU,certificate,Phrase
WW | AU | Skin Conditions,Acne AU,university,Phrase
WW | AU | Skin Conditions,Acne AU,salary,Phrase
WW | AU | Skin Conditions,Acne AU,wage,Phrase
WW | AU | Skin Conditions,Acne AU,what is,Phrase
WW | AU | Skin Conditions,Acne AU,definition,Phrase
WW | AU | Skin Conditions,Acne AU,meaning,Phrase
WW | AU | Skin Conditions,Acne AU,wikipedia,Phrase
WW | AU | Skin Conditions,Acne AU,wiki,Phrase
WW | AU | Skin Conditions,Acne AU,reddit,Phrase
WW | AU | Skin Conditions,Acne AU,forum,Phrase
WW | AU | Skin Conditions,Acne AU,quora,Phrase
WW | AU | Skin Conditions,Acne AU,pdf,Phrase
WW | AU | Skin Conditions,Acne AU,doctor,Phrase
WW | AU | Skin Conditions,Acne AU,gp,Phrase
WW | AU | Skin Conditions,Acne AU,dermatologist,Phrase
WW | AU | Skin Conditions,Acne AU,pharmacy,Phrase
WW | AU | Skin Conditions,Acne AU,chemist,Phrase
WW | AU | Skin Conditions,Acne AU,prescription,Phrase
WW | AU | Skin Conditions,Acne AU,medication,Phrase
WW | AU | Skin Conditions,Acne AU,cream,Phrase
WW | AU | Skin Conditions,Acne AU,ointment,Phrase
WW | AU | Skin Conditions,Acne AU,steroid cream,Phrase
WW | AU | Skin Conditions,Acne AU,dupixent,Phrase
WW | AU | Skin Conditions,Acne AU,cure,Phrase
WW | AU | Skin Conditions,Acne AU,detox,Phrase
WW | AU | Skin Conditions,Acne AU,cleanse,Phrase
WW | AU | Skin Conditions,Acne AU,near me,Phrase
WW | AU | Skin Conditions,Acne AU,nz,Phrase
WW | AU | Skin Conditions,Acne AU,new zealand,Phrase
WW | AU | Skin Conditions,Acne AU,auckland,Phrase
WW | AU | Skin Conditions,Acne AU,wellington,Phrase
WW | AU | Skin Conditions,Acne AU,hamilton,Phrase
WW | AU | Skin Conditions,Acne AU,christchurch,Phrase
WW | AU | Skin Conditions,Acne AU,medicare,Phrase
WW | AU | Skin Conditions,Acne AU,bulk billing,Phrase
WW | AU | Skin Conditions,Acne AU,rebate,Phrase
WW | AU | Skin Conditions,Acne AU,health fund,Phrase
WW | AU | Skin Conditions,Acne AU,eczema,Phrase
WW | AU | Skin Conditions,Acne AU,tsw,Phrase
WW | AU | Skin Conditions,Acne AU,topical steroid withdrawal,Phrase
WW | AU | Skin Conditions,Acne AU,psoriasis,Phrase
WW | AU | Skin Conditions,Acne AU,rosacea,Phrase
WW | AU | Skin Conditions,Acne AU,skin infection,Phrase
WW | AU | Skin Conditions,Acne AU,urticaria,Phrase
WW | AU | Skin Conditions,Rosacea AU,free,Phrase
WW | AU | Skin Conditions,Rosacea AU,jobs,Phrase
WW | AU | Skin Conditions,Rosacea AU,job,Phrase
WW | AU | Skin Conditions,Rosacea AU,career,Phrase
WW | AU | Skin Conditions,Rosacea AU,careers,Phrase
WW | AU | Skin Conditions,Rosacea AU,course,Phrase
WW | AU | Skin Conditions,Rosacea AU,courses,Phrase
WW | AU | Skin Conditions,Rosacea AU,class,Phrase
WW | AU | Skin Conditions,Rosacea AU,classes,Phrase
WW | AU | Skin Conditions,Rosacea AU,training,Phrase
WW | AU | Skin Conditions,Rosacea AU,become a naturopath,Phrase
WW | AU | Skin Conditions,Rosacea AU,school,Phrase
WW | AU | Skin Conditions,Rosacea AU,degree,Phrase
WW | AU | Skin Conditions,Rosacea AU,diploma,Phrase
WW | AU | Skin Conditions,Rosacea AU,certificate,Phrase
WW | AU | Skin Conditions,Rosacea AU,university,Phrase
WW | AU | Skin Conditions,Rosacea AU,salary,Phrase
WW | AU | Skin Conditions,Rosacea AU,wage,Phrase
WW | AU | Skin Conditions,Rosacea AU,what is,Phrase
WW | AU | Skin Conditions,Rosacea AU,definition,Phrase
WW | AU | Skin Conditions,Rosacea AU,meaning,Phrase
WW | AU | Skin Conditions,Rosacea AU,wikipedia,Phrase
WW | AU | Skin Conditions,Rosacea AU,wiki,Phrase
WW | AU | Skin Conditions,Rosacea AU,reddit,Phrase
WW | AU | Skin Conditions,Rosacea AU,forum,Phrase
WW | AU | Skin Conditions,Rosacea AU,quora,Phrase
WW | AU | Skin Conditions,Rosacea AU,pdf,Phrase
WW | AU | Skin Conditions,Rosacea AU,doctor,Phrase
WW | AU | Skin Conditions,Rosacea AU,gp,Phrase
WW | AU | Skin Conditions,Rosacea AU,dermatologist,Phrase
WW | AU | Skin Conditions,Rosacea AU,pharmacy,Phrase
WW | AU | Skin Conditions,Rosacea AU,chemist,Phrase
WW | AU | Skin Conditions,Rosacea AU,prescription,Phrase
WW | AU | Skin Conditions,Rosacea AU,medication,Phrase
WW | AU | Skin Conditions,Rosacea AU,cream,Phrase
WW | AU | Skin Conditions,Rosacea AU,ointment,Phrase
WW | AU | Skin Conditions,Rosacea AU,steroid cream,Phrase
WW | AU | Skin Conditions,Rosacea AU,dupixent,Phrase
WW | AU | Skin Conditions,Rosacea AU,cure,Phrase
WW | AU | Skin Conditions,Rosacea AU,detox,Phrase
WW | AU | Skin Conditions,Rosacea AU,cleanse,Phrase
WW | AU | Skin Conditions,Rosacea AU,near me,Phrase
WW | AU | Skin Conditions,Rosacea AU,nz,Phrase
WW | AU | Skin Conditions,Rosacea AU,new zealand,Phrase
WW | AU | Skin Conditions,Rosacea AU,auckland,Phrase
WW | AU | Skin Conditions,Rosacea AU,wellington,Phrase
WW | AU | Skin Conditions,Rosacea AU,hamilton,Phrase
WW | AU | Skin Conditions,Rosacea AU,christchurch,Phrase
WW | AU | Skin Conditions,Rosacea AU,medicare,Phrase
WW | AU | Skin Conditions,Rosacea AU,bulk billing,Phrase
WW | AU | Skin Conditions,Rosacea AU,rebate,Phrase
WW | AU | Skin Conditions,Rosacea AU,health fund,Phrase
WW | AU | Skin Conditions,Rosacea AU,eczema,Phrase
WW | AU | Skin Conditions,Rosacea AU,tsw,Phrase
WW | AU | Skin Conditions,Rosacea AU,topical steroid withdrawal,Phrase
WW | AU | Skin Conditions,Rosacea AU,psoriasis,Phrase
WW | AU | Skin Conditions,Rosacea AU,acne,Phrase
WW | AU | Skin Conditions,Rosacea AU,skin infection,Phrase
WW | AU | Skin Conditions,Rosacea AU,urticaria,Phrase
WW | AU | Skin Conditions,Skin Infections AU,free,Phrase
WW | AU | Skin Conditions,Skin Infections AU,jobs,Phrase
WW | AU | Skin Conditions,Skin Infections AU,job,Phrase
WW | AU | Skin Conditions,Skin Infections AU,career,Phrase
WW | AU | Skin Conditions,Skin Infections AU,careers,Phrase
WW | AU | Skin Conditions,Skin Infections AU,course,Phrase
WW | AU | Skin Conditions,Skin Infections AU,courses,Phrase
WW | AU | Skin Conditions,Skin Infections AU,class,Phrase
WW | AU | Skin Conditions,Skin Infections AU,classes,Phrase
WW | AU | Skin Conditions,Skin Infections AU,training,Phrase
WW | AU | Skin Conditions,Skin Infections AU,become a naturopath,Phrase
WW | AU | Skin Conditions,Skin Infections AU,school,Phrase
WW | AU | Skin Conditions,Skin Infections AU,degree,Phrase
WW | AU | Skin Conditions,Skin Infections AU,diploma,Phrase
WW | AU | Skin Conditions,Skin Infections AU,certificate,Phrase
WW | AU | Skin Conditions,Skin Infections AU,university,Phrase
WW | AU | Skin Conditions,Skin Infections AU,salary,Phrase
WW | AU | Skin Conditions,Skin Infections AU,wage,Phrase
WW | AU | Skin Conditions,Skin Infections AU,what is,Phrase
WW | AU | Skin Conditions,Skin Infections AU,definition,Phrase
WW | AU | Skin Conditions,Skin Infections AU,meaning,Phrase
WW | AU | Skin Conditions,Skin Infections AU,wikipedia,Phrase
WW | AU | Skin Conditions,Skin Infections AU,wiki,Phrase
WW | AU | Skin Conditions,Skin Infections AU,reddit,Phrase
WW | AU | Skin Conditions,Skin Infections AU,forum,Phrase
WW | AU | Skin Conditions,Skin Infections AU,quora,Phrase
WW | AU | Skin Conditions,Skin Infections AU,pdf,Phrase
WW | AU | Skin Conditions,Skin Infections AU,doctor,Phrase
WW | AU | Skin Conditions,Skin Infections AU,gp,Phrase
WW | AU | Skin Conditions,Skin Infections AU,dermatologist,Phrase
WW | AU | Skin Conditions,Skin Infections AU,pharmacy,Phrase
WW | AU | Skin Conditions,Skin Infections AU,chemist,Phrase
WW | AU | Skin Conditions,Skin Infections AU,prescription,Phrase
WW | AU | Skin Conditions,Skin Infections AU,medication,Phrase
WW | AU | Skin Conditions,Skin Infections AU,cream,Phrase
WW | AU | Skin Conditions,Skin Infections AU,ointment,Phrase
WW | AU | Skin Conditions,Skin Infections AU,steroid cream,Phrase
WW | AU | Skin Conditions,Skin Infections AU,dupixent,Phrase
WW | AU | Skin Conditions,Skin Infections AU,cure,Phrase
WW | AU | Skin Conditions,Skin Infections AU,detox,Phrase
WW | AU | Skin Conditions,Skin Infections AU,cleanse,Phrase
WW | AU | Skin Conditions,Skin Infections AU,near me,Phrase
WW | AU | Skin Conditions,Skin Infections AU,nz,Phrase
WW | AU | Skin Conditions,Skin Infections AU,new zealand,Phrase
WW | AU | Skin Conditions,Skin Infections AU,auckland,Phrase
WW | AU | Skin Conditions,Skin Infections AU,wellington,Phrase
WW | AU | Skin Conditions,Skin Infections AU,hamilton,Phrase
WW | AU | Skin Conditions,Skin Infections AU,christchurch,Phrase
WW | AU | Skin Conditions,Skin Infections AU,medicare,Phrase
WW | AU | Skin Conditions,Skin Infections AU,bulk billing,Phrase
WW | AU | Skin Conditions,Skin Infections AU,rebate,Phrase
WW | AU | Skin Conditions,Skin Infections AU,health fund,Phrase
WW | AU | Skin Conditions,Skin Infections AU,eczema,Phrase
WW | AU | Skin Conditions,Skin Infections AU,tsw,Phrase
WW | AU | Skin Conditions,Skin Infections AU,topical steroid withdrawal,Phrase
WW | AU | Skin Conditions,Skin Infections AU,psoriasis,Phrase
WW | AU | Skin Conditions,Skin Infections AU,acne,Phrase
WW | AU | Skin Conditions,Skin Infections AU,rosacea,Phrase
