Country,Campaign,Ad group,Type,Slot,Text,Chars,Your notes
NZ,WW | NZ | Brand,Brand - Waterwell,Headline,H1,Waterwell Clinic NZ,19,
NZ,WW | NZ | Brand,Brand - Waterwell,Headline,H2,Waterwell Naturopath,20,
NZ,WW | NZ | Brand,Brand - Waterwell,Headline,H3,"Kohei Iguchi, Naturopath",24,
NZ,WW | NZ | Brand,Brand - Waterwell,Headline,H4,Book Waterwell Clinic Online,28,
NZ,WW | NZ | Brand,Brand - Waterwell,Headline,H5,10+ Years Of Consultations,26,
NZ,WW | NZ | Brand,Brand - Waterwell,Headline,H6,32 Five-Star Google Reviews,27,
NZ,WW | NZ | Brand,Brand - Waterwell,Headline,H7,10+ Years In Skin Health,24,
NZ,WW | NZ | Brand,Brand - Waterwell,Headline,H8,"Skin, Gut & Hormone Care",24,
NZ,WW | NZ | Brand,Brand - Waterwell,Headline,H9,Free 15-Min Discovery Call,26,
NZ,WW | NZ | Brand,Brand - Waterwell,Headline,H10,"Book Direct, No Waitlist",24,
NZ,WW | NZ | Brand,Brand - Waterwell,Headline,H11,Official Waterwell Clinic Site,30,
NZ,WW | NZ | Brand,Brand - Waterwell,Headline,H12,Waterwell Naturopathy Consults,30,
NZ,WW | NZ | Brand,Brand - Waterwell,Headline,H13,Consults By Secure Video,24,
NZ,WW | NZ | Brand,Brand - Waterwell,Headline,H14,"Consults Online, NZ-Wide",24,
NZ,WW | NZ | Brand,Brand - Waterwell,Headline,H15,Same Practitioner Every Visit,29,
NZ,WW | NZ | Brand,Brand - Waterwell,Description,D1,"Waterwell Clinic - Kohei Iguchi's naturopathy practice. Skin, gut and hormone care.",83,
NZ,WW | NZ | Brand,Brand - Waterwell,Description,D2,"Kohei Iguchi, naturopath. 32 five-star reviews and 10+ years in practice.",73,
NZ,WW | NZ | Brand,Brand - Waterwell,Description,D3,"Book straight off the calendar. Consults by secure video, no waitlist, no forms first.",86,
NZ,WW | NZ | Brand,Brand - Waterwell,Description,D4,"Start with a free 15-minute discovery call. No obligation, no pressure to commit.",81,
NZ,WW | NZ | Online Naturopath,Online Naturopath Consult,Headline,H1,Online Naturopath NZ,20,
NZ,WW | NZ | Online Naturopath,Online Naturopath Consult,Headline,H2,Online Naturopath Consultation,30,
NZ,WW | NZ | Online Naturopath,Online Naturopath Consult,Headline,H3,Naturopath By Secure Video,26,
NZ,WW | NZ | Online Naturopath,Online Naturopath Consult,Headline,H4,A Decade Of Consultations,25,
NZ,WW | NZ | Online Naturopath,Online Naturopath Consult,Headline,H5,Works Alongside Your GP,23,
NZ,WW | NZ | Online Naturopath,Online Naturopath Consult,Headline,H6,Functional Testing Posted Home,30,
NZ,WW | NZ | Online Naturopath,Online Naturopath Consult,Headline,H7,32 Five-Star Reviews,20,
NZ,WW | NZ | Online Naturopath,Online Naturopath Consult,Headline,H8,A Decade In Skin Health,23,
NZ,WW | NZ | Online Naturopath,Online Naturopath Consult,Headline,H9,Start With A Free Chat,22,
NZ,WW | NZ | Online Naturopath,Online Naturopath Consult,Headline,H10,Book A Naturopath Online,24,
NZ,WW | NZ | Online Naturopath,Online Naturopath Consult,Headline,H11,"One Practitioner, Every Visit",29,
NZ,WW | NZ | Online Naturopath,Online Naturopath Consult,Headline,H12,Naturopath Video Consultation,29,
NZ,WW | NZ | Online Naturopath,Online Naturopath Consult,Headline,H13,Consults Across New Zealand,27,
NZ,WW | NZ | Online Naturopath,Online Naturopath Consult,Headline,H14,No Clinic Visit Required,24,
NZ,WW | NZ | Online Naturopath,Online Naturopath Consult,Headline,H15,Book Your Naturopath Consult,28,
NZ,WW | NZ | Online Naturopath,Online Naturopath Consult,Description,D1,Full naturopath consults by secure video. Functional lab testing posted to your door.,85,
NZ,WW | NZ | Online Naturopath,Online Naturopath Consult,Description,D2,"More than ten years in practice, with 32 five-star Google reviews.",66,
NZ,WW | NZ | Online Naturopath,Online Naturopath Consult,Description,D3,"Works alongside your GP and current medication, this adds to your care, not against it.",87,
NZ,WW | NZ | Online Naturopath,Online Naturopath Consult,Description,D4,"Free 15-minute discovery call first. No obligation, consults by video across NZ.",80,
NZ,WW | NZ | Online Naturopath,General Naturopathy,Headline,H1,Naturopath NZ,13,
NZ,WW | NZ | Online Naturopath,General Naturopathy,Headline,H2,Naturopath Auckland To Dunedin,30,
NZ,WW | NZ | Online Naturopath,General Naturopathy,Headline,H3,Registered Naturopath NZ,24,
NZ,WW | NZ | Online Naturopath,General Naturopathy,Headline,H4,"Naturopath, Ten Years In",24,
NZ,WW | NZ | Online Naturopath,General Naturopathy,Headline,H5,"One Naturopath, All Of NZ",25,
NZ,WW | NZ | Online Naturopath,General Naturopathy,Headline,H6,"Rated 5 Stars, 32 Reviews",25,
NZ,WW | NZ | Online Naturopath,General Naturopathy,Headline,H7,10+ Years Working With Skin,27,
NZ,WW | NZ | Online Naturopath,General Naturopathy,Headline,H8,"Gut, Skin, Hormones & Energy",28,
NZ,WW | NZ | Online Naturopath,General Naturopathy,Headline,H9,Book A Free 15-Min Chat,23,
NZ,WW | NZ | Online Naturopath,General Naturopathy,Headline,H10,Naturopath Consultation Online,30,
NZ,WW | NZ | Online Naturopath,General Naturopathy,Headline,H11,No Local Clinic Needed,22,
NZ,WW | NZ | Online Naturopath,General Naturopathy,Headline,H12,Secure Video Consultations,26,
NZ,WW | NZ | Online Naturopath,General Naturopathy,Headline,H13,A Plan Built Around You,23,
NZ,WW | NZ | Online Naturopath,General Naturopathy,Headline,H14,"Naturopath, By Video, NZ-Wide",29,
NZ,WW | NZ | Online Naturopath,General Naturopathy,Headline,H15,Book Your Naturopath Session,28,
NZ,WW | NZ | Online Naturopath,General Naturopathy,Description,D1,"Wherever you are in NZ, one experienced naturopath, no travel, no local clinic needed.",86,
NZ,WW | NZ | Online Naturopath,General Naturopathy,Description,D2,"Gut, energy, hormones, skin and sleep, all covered by one qualified practitioner.",81,
NZ,WW | NZ | Online Naturopath,General Naturopathy,Description,D3,32 five-star reviews and 10+ years in practice. Free 15-minute discovery call first.,84,
NZ,WW | NZ | Online Naturopath,General Naturopathy,Description,D4,"Naturopathic consultations by secure video, right across New Zealand.",69,
NZ,WW | NZ | Online Naturopath,Gut & Digestive Health,Headline,H1,Naturopath For Gut Health,25,
NZ,WW | NZ | Online Naturopath,Gut & Digestive Health,Headline,H2,Naturopath For Bloating,23,
NZ,WW | NZ | Online Naturopath,Gut & Digestive Health,Headline,H3,"IBS Support, By Video",21,
NZ,WW | NZ | Online Naturopath,Gut & Digestive Health,Headline,H4,Gut Microbiome Testing NZ,25,
NZ,WW | NZ | Online Naturopath,Gut & Digestive Health,Headline,H5,Stool Testing Posted Home,25,
NZ,WW | NZ | Online Naturopath,Gut & Digestive Health,Headline,H6,Naturopath For Digestion,24,
NZ,WW | NZ | Online Naturopath,Gut & Digestive Health,Headline,H7,Skin-Focused For 10+ Years,26,
NZ,WW | NZ | Online Naturopath,Gut & Digestive Health,Headline,H8,"32 Reviews, All Five Stars",26,
NZ,WW | NZ | Online Naturopath,Gut & Digestive Health,Headline,H9,Adds To Your GP's Care,22,
NZ,WW | NZ | Online Naturopath,Gut & Digestive Health,Headline,H10,Book A Free 15-Min Call,23,
NZ,WW | NZ | Online Naturopath,Gut & Digestive Health,Headline,H11,Book A Gut Health Consult,25,
NZ,WW | NZ | Online Naturopath,Gut & Digestive Health,Headline,H12,Leaky Gut Naturopath NZ,23,
NZ,WW | NZ | Online Naturopath,Gut & Digestive Health,Headline,H13,Meet By Secure Video Call,25,
NZ,WW | NZ | Online Naturopath,Gut & Digestive Health,Headline,H14,"Data First, Not Guesswork",25,
NZ,WW | NZ | Online Naturopath,Gut & Digestive Health,Headline,H15,Book Your Gut Health Session,28,
NZ,WW | NZ | Online Naturopath,Gut & Digestive Health,Description,D1,"Bloating, IBS or constipation? Gut and microbiome testing posted to your door.",78,
NZ,WW | NZ | Online Naturopath,Gut & Digestive Health,Description,D2,"10+ years in digestive health, 32 five-star reviews. Consults by secure video, NZ-wide.",87,
NZ,WW | NZ | Online Naturopath,Gut & Digestive Health,Description,D3,"Works alongside your GP, naturopathy that adds to your care, not against it.",76,
NZ,WW | NZ | Online Naturopath,Gut & Digestive Health,Description,D4,"Free 15-minute discovery call first. No obligation, book online in minutes.",75,
NZ,WW | NZ | Online Naturopath,Hormones & Women's Health,Headline,H1,Naturopath For Hormones,23,
NZ,WW | NZ | Online Naturopath,Hormones & Women's Health,Headline,H2,Naturopath For PCOS,19,
NZ,WW | NZ | Online Naturopath,Hormones & Women's Health,Headline,H3,Perimenopause Naturopath NZ,27,
NZ,WW | NZ | Online Naturopath,Hormones & Women's Health,Headline,H4,Naturopath For PMS,18,
NZ,WW | NZ | Online Naturopath,Hormones & Women's Health,Headline,H5,Hormone Testing Posted Home,27,
NZ,WW | NZ | Online Naturopath,Hormones & Women's Health,Headline,H6,Naturopath For Hormonal Acne,28,
NZ,WW | NZ | Online Naturopath,Hormones & Women's Health,Headline,H7,Over A Decade In Skin Care,26,
NZ,WW | NZ | Online Naturopath,Hormones & Women's Health,Headline,H8,Trusted: 32 Five-Star Reviews,29,
NZ,WW | NZ | Online Naturopath,Hormones & Women's Health,Headline,H9,Complements Your GP's Care,26,
NZ,WW | NZ | Online Naturopath,Hormones & Women's Health,Headline,H10,No-Cost Discovery Session,25,
NZ,WW | NZ | Online Naturopath,Hormones & Women's Health,Headline,H11,Book A Hormone Health Consult,29,
NZ,WW | NZ | Online Naturopath,Hormones & Women's Health,Headline,H12,Fertility Support Naturopath,28,
NZ,WW | NZ | Online Naturopath,Hormones & Women's Health,Headline,H13,"Video Consults, Fully Secure",28,
NZ,WW | NZ | Online Naturopath,Hormones & Women's Health,Headline,H14,A Plan Built Around Your Cycle,30,
NZ,WW | NZ | Online Naturopath,Hormones & Women's Health,Headline,H15,Book Your Hormone Consult,25,
NZ,WW | NZ | Online Naturopath,Hormones & Women's Health,Description,D1,"PMS, perimenopause, PCOS or hormonal acne, hormone testing and care, by video.",78,
NZ,WW | NZ | Online Naturopath,Hormones & Women's Health,Description,D2,"Hormone testing posted to your door, then a plan built around your actual results.",82,
NZ,WW | NZ | Online Naturopath,Hormones & Women's Health,Description,D3,"10+ years in women's health, 32 five-star reviews. Free 15-minute call to start.",80,
NZ,WW | NZ | Online Naturopath,Hormones & Women's Health,Description,D4,"Works alongside your GP or specialist, this adds to your care, not against it.",78,
NZ,WW | NZ | Online Naturopath,Fatigue & Energy,Headline,H1,Naturopath For Fatigue,22,
NZ,WW | NZ | Online Naturopath,Fatigue & Energy,Headline,H2,Chronic Fatigue Naturopath NZ,29,
NZ,WW | NZ | Online Naturopath,Fatigue & Energy,Headline,H3,Adrenal Fatigue Naturopath,26,
NZ,WW | NZ | Online Naturopath,Fatigue & Energy,Headline,H4,Naturopath For Burnout,22,
NZ,WW | NZ | Online Naturopath,Fatigue & Energy,Headline,H5,Naturopath For Brain Fog,24,
NZ,WW | NZ | Online Naturopath,Fatigue & Energy,Headline,H6,"Iron & Energy Testing, Home",27,
NZ,WW | NZ | Online Naturopath,Fatigue & Energy,Headline,H7,10+ Years Experience,20,
NZ,WW | NZ | Online Naturopath,Fatigue & Energy,Headline,H8,"32 Patients, 5-Star Reviews",27,
NZ,WW | NZ | Online Naturopath,Fatigue & Energy,Headline,H9,Fits Around Your GP's Care,26,
NZ,WW | NZ | Online Naturopath,Fatigue & Energy,Headline,H10,"A Free Chat, No Obligation",26,
NZ,WW | NZ | Online Naturopath,Fatigue & Energy,Headline,H11,Book A Fatigue Consult,22,
NZ,WW | NZ | Online Naturopath,Fatigue & Energy,Headline,H12,"Answers, Not Guesswork",22,
NZ,WW | NZ | Online Naturopath,Fatigue & Energy,Headline,H13,See Kohei By Secure Video,25,
NZ,WW | NZ | Online Naturopath,Fatigue & Energy,Headline,H14,A Tailored Energy Plan,22,
NZ,WW | NZ | Online Naturopath,Fatigue & Energy,Headline,H15,Book Your Energy Session,24,
NZ,WW | NZ | Online Naturopath,Fatigue & Energy,Description,D1,"Exhausted or foggy? Iron, thyroid and adrenal testing posted straight to your door.",83,
NZ,WW | NZ | Online Naturopath,Fatigue & Energy,Description,D2,"10+ years helping tired, run-down people feel steady again. 32 five-star reviews.",81,
NZ,WW | NZ | Online Naturopath,Fatigue & Energy,Description,D3,"Free 15-minute discovery call first. Consults by secure video, wherever you are in NZ.",86,
NZ,WW | NZ | Online Naturopath,Fatigue & Energy,Description,D4,"Works alongside your GP, naturopathy that adds to your care, not against it.",76,
NZ,WW | NZ | Online Naturopath,Stress & Sleep,Headline,H1,Naturopath For Stress,21,
NZ,WW | NZ | Online Naturopath,Stress & Sleep,Headline,H2,Naturopath For Sleep,20,
NZ,WW | NZ | Online Naturopath,Stress & Sleep,Headline,H3,Naturopath For Insomnia,23,
NZ,WW | NZ | Online Naturopath,Stress & Sleep,Headline,H4,"Cortisol Testing, At Home",25,
NZ,WW | NZ | Online Naturopath,Stress & Sleep,Headline,H5,Naturopath For Anxiety Support,30,
NZ,WW | NZ | Online Naturopath,Stress & Sleep,Headline,H6,Nervous System Support NZ,25,
NZ,WW | NZ | Online Naturopath,Stress & Sleep,Headline,H7,A Decade Of Experience,22,
NZ,WW | NZ | Online Naturopath,Stress & Sleep,Headline,H8,See Our 32 Five-Star Reviews,28,
NZ,WW | NZ | Online Naturopath,Stress & Sleep,Headline,H9,Keeps Your GP In The Loop,25,
NZ,WW | NZ | Online Naturopath,Stress & Sleep,Headline,H10,First Call's On Us,18,
NZ,WW | NZ | Online Naturopath,Stress & Sleep,Headline,H11,Book A Stress & Sleep Consult,29,
NZ,WW | NZ | Online Naturopath,Stress & Sleep,Headline,H12,"Calm, Not Just Coping",21,
NZ,WW | NZ | Online Naturopath,Stress & Sleep,Headline,H13,"Private, Secure Video Calls",27,
NZ,WW | NZ | Online Naturopath,Stress & Sleep,Headline,H14,A Plan Built Around Sleep,25,
NZ,WW | NZ | Online Naturopath,Stress & Sleep,Headline,H15,Book Your Discovery Call,24,
NZ,WW | NZ | Online Naturopath,Stress & Sleep,Description,D1,"Wired at night, flat by day? Cortisol and stress testing, then a real plan.",75,
NZ,WW | NZ | Online Naturopath,Stress & Sleep,Description,D2,"10+ years helping stressed, sleepless people find calm. 32 five-star reviews.",77,
NZ,WW | NZ | Online Naturopath,Stress & Sleep,Description,D3,"Free 15-minute discovery call first. Consults by secure video, NZ-wide.",71,
NZ,WW | NZ | Online Naturopath,Stress & Sleep,Description,D4,"Works alongside your GP, naturopathy that adds to your care, not against it.",76,
NZ,WW | NZ | Skin Conditions,Eczema,Headline,H1,Naturopath For Eczema NZ,24,
NZ,WW | NZ | Skin Conditions,Eczema,Headline,H2,Eczema Natural Treatment,24,
NZ,WW | NZ | Skin Conditions,Eczema,Headline,H3,Eczema Naturopath Online,24,
NZ,WW | NZ | Skin Conditions,Eczema,Headline,H4,Kohei Beat Eczema Himself,25,
NZ,WW | NZ | Skin Conditions,Eczema,Headline,H5,"Eczema-Gut Connection, Tested",29,
NZ,WW | NZ | Skin Conditions,Eczema,Headline,H6,"Two Qualifications, One Visit",29,
NZ,WW | NZ | Skin Conditions,Eczema,Headline,H7,5 Stars Across 32 Reviews,25,
NZ,WW | NZ | Skin Conditions,Eczema,Headline,H8,"10+ Years, Real Experience",26,
NZ,WW | NZ | Skin Conditions,Eczema,Headline,H9,Lab Tests Posted To Your Door,29,
NZ,WW | NZ | Skin Conditions,Eczema,Headline,H10,Works With Your Current GP,26,
NZ,WW | NZ | Skin Conditions,Eczema,Headline,H11,"15 Minutes, Free, No Pitch",26,
NZ,WW | NZ | Skin Conditions,Eczema,Headline,H12,Book Your Eczema Consult,24,
NZ,WW | NZ | Skin Conditions,Eczema,Headline,H13,Consult Online By Video,23,
NZ,WW | NZ | Skin Conditions,Eczema,Headline,H14,"Eczema Naturopath, NZ-Wide",26,
NZ,WW | NZ | Skin Conditions,Eczema,Headline,H15,A Plan Built For Your Skin,26,
NZ,WW | NZ | Skin Conditions,Eczema,Description,D1,Eczema naturopathy by secure video. Kohei beat severe eczema himself. Book free.,80,
NZ,WW | NZ | Skin Conditions,Eczema,Description,D2,"Ten years working with skin, gut and immune health. Lab tests posted to your door.",82,
NZ,WW | NZ | Skin Conditions,Eczema,Description,D3,"Works alongside your GP or dermatologist, this adds to your care, not instead of it.",84,
NZ,WW | NZ | Skin Conditions,Eczema,Description,D4,"32 five-star reviews. Free 15-minute discovery call, no obligation, NZ-wide.",76,
NZ,WW | NZ | Skin Conditions,Topical Steroid Withdrawal,Headline,H1,TSW Naturopath NZ,17,
NZ,WW | NZ | Skin Conditions,Topical Steroid Withdrawal,Headline,H2,"TSW Support, By Video",21,
NZ,WW | NZ | Skin Conditions,Topical Steroid Withdrawal,Headline,H3,Red Skin Syndrome Naturopath,28,
NZ,WW | NZ | Skin Conditions,Topical Steroid Withdrawal,Headline,H4,TSW Recovery Support,20,
NZ,WW | NZ | Skin Conditions,Topical Steroid Withdrawal,Headline,H5,Coming Off Steroids? We Help,28,
NZ,WW | NZ | Skin Conditions,Topical Steroid Withdrawal,Headline,H6,Ten Years On Skin Cases NZ,26,
NZ,WW | NZ | Skin Conditions,Topical Steroid Withdrawal,Headline,H7,32 Five-Star Google Ratings,27,
NZ,WW | NZ | Skin Conditions,Topical Steroid Withdrawal,Headline,H8,Over 10 Years Experience,24,
NZ,WW | NZ | Skin Conditions,Topical Steroid Withdrawal,Headline,H9,Lab Testing Posted Home,23,
NZ,WW | NZ | Skin Conditions,Topical Steroid Withdrawal,Headline,H10,No Need To Drop Your GP,23,
NZ,WW | NZ | Skin Conditions,Topical Steroid Withdrawal,Headline,H11,Free Intro Call Available,25,
NZ,WW | NZ | Skin Conditions,Topical Steroid Withdrawal,Headline,H12,Book Your TSW Consult,21,
NZ,WW | NZ | Skin Conditions,Topical Steroid Withdrawal,Headline,H13,"One-On-One, At Your Pace",24,
NZ,WW | NZ | Skin Conditions,Topical Steroid Withdrawal,Headline,H14,"TSW Naturopath, NZ-Wide",23,
NZ,WW | NZ | Skin Conditions,Topical Steroid Withdrawal,Headline,H15,"Patience, Not Quick Fixes",25,
NZ,WW | NZ | Skin Conditions,Topical Steroid Withdrawal,Description,D1,Going through topical steroid withdrawal? A naturopath who takes it seriously.,78,
NZ,WW | NZ | Skin Conditions,Topical Steroid Withdrawal,Description,D2,"More than ten years in skin health. Consultations by secure video, NZ-wide.",75,
NZ,WW | NZ | Skin Conditions,Topical Steroid Withdrawal,Description,D3,"Works alongside your GP, never instead of. Free 15-minute chat to start, no pressure.",85,
NZ,WW | NZ | Skin Conditions,Topical Steroid Withdrawal,Description,D4,"Lab testing posted to your door, real data behind your plan, not guesswork.",75,
NZ,WW | NZ | Skin Conditions,Psoriasis,Headline,H1,Psoriasis Naturopath NZ,23,
NZ,WW | NZ | Skin Conditions,Psoriasis,Headline,H2,Psoriasis Natural Treatment,27,
NZ,WW | NZ | Skin Conditions,Psoriasis,Headline,H3,Scalp Psoriasis Naturopath,26,
NZ,WW | NZ | Skin Conditions,Psoriasis,Headline,H4,"Diet, Gut & Psoriasis Care",26,
NZ,WW | NZ | Skin Conditions,Psoriasis,Headline,H5,Psoriasis Flare Up Naturopath,29,
NZ,WW | NZ | Skin Conditions,Psoriasis,Headline,H6,Naturopathic Skin Support,25,
NZ,WW | NZ | Skin Conditions,Psoriasis,Headline,H7,A Genuine 5-Star Record,23,
NZ,WW | NZ | Skin Conditions,Psoriasis,Headline,H8,A Decade In Natural Health,26,
NZ,WW | NZ | Skin Conditions,Psoriasis,Headline,H9,Functional Testing At Home,26,
NZ,WW | NZ | Skin Conditions,Psoriasis,Headline,H10,Keep Seeing Your GP Too,23,
NZ,WW | NZ | Skin Conditions,Psoriasis,Headline,H11,Book A Free Consult Chat,24,
NZ,WW | NZ | Skin Conditions,Psoriasis,Headline,H12,Book Your Psoriasis Consult,27,
NZ,WW | NZ | Skin Conditions,Psoriasis,Headline,H13,"Secure, Encrypted Video Calls",29,
NZ,WW | NZ | Skin Conditions,Psoriasis,Headline,H14,"Psoriasis Naturopath, NZ-Wide",29,
NZ,WW | NZ | Skin Conditions,Psoriasis,Headline,H15,A Personalised Skin Plan,24,
NZ,WW | NZ | Skin Conditions,Psoriasis,Description,D1,"Psoriasis support that looks at diet, gut and immune drivers, not just the surface.",83,
NZ,WW | NZ | Skin Conditions,Psoriasis,Description,D2,"Ten years working with psoriasis and skin health. By secure video, NZ-wide.",75,
NZ,WW | NZ | Skin Conditions,Psoriasis,Description,D3,Works alongside your GP or dermatologist. Free 15-minute discovery call to start.,81,
NZ,WW | NZ | Skin Conditions,Psoriasis,Description,D4,"32 five-star reviews. Lab testing posted to your door, real data, not guesswork.",80,
NZ,WW | NZ | Skin Conditions,Acne,Headline,H1,Acne Naturopath NZ,18,
NZ,WW | NZ | Skin Conditions,Acne,Headline,H2,Hormonal Acne Naturopath,24,
NZ,WW | NZ | Skin Conditions,Acne,Headline,H3,Adult Acne Naturopath NZ,24,
NZ,WW | NZ | Skin Conditions,Acne,Headline,H4,Cystic Acne Naturopath,22,
NZ,WW | NZ | Skin Conditions,Acne,Headline,H5,Hormonal & Cystic Acne Care,27,
NZ,WW | NZ | Skin Conditions,Acne,Headline,H6,Skin-Focused Naturopathy,24,
NZ,WW | NZ | Skin Conditions,Acne,Headline,H7,"32 Reviews, All 5 Stars",23,
NZ,WW | NZ | Skin Conditions,Acne,Headline,H8,10+ Years In Practice,21,
NZ,WW | NZ | Skin Conditions,Acne,Headline,H9,Naturopathy For Adult Acne,26,
NZ,WW | NZ | Skin Conditions,Acne,Headline,H10,Pairs With Your Current Care,28,
NZ,WW | NZ | Skin Conditions,Acne,Headline,H11,"Talk First, Free Of Charge",26,
NZ,WW | NZ | Skin Conditions,Acne,Headline,H12,Book Your Acne Consult,22,
NZ,WW | NZ | Skin Conditions,Acne,Headline,H13,Video-Based Consultations,25,
NZ,WW | NZ | Skin Conditions,Acne,Headline,H14,"Acne Naturopath, NZ-Wide",24,
NZ,WW | NZ | Skin Conditions,Acne,Headline,H15,A Plan Built Around Your Skin,29,
NZ,WW | NZ | Skin Conditions,Acne,Description,D1,Hormonal or cystic acne? Naturopathy that looks at gut and hormone drivers.,75,
NZ,WW | NZ | Skin Conditions,Acne,Description,D2,"More than ten years in skin health. Consultations by secure video, NZ-wide.",75,
NZ,WW | NZ | Skin Conditions,Acne,Description,D3,"Works alongside your GP or dermatologist. Free 15-minute discovery call, no pressure.",85,
NZ,WW | NZ | Skin Conditions,Acne,Description,D4,"32 five-star reviews. Lab testing posted to your door, real data, not guesswork.",80,
NZ,WW | NZ | Skin Conditions,Rosacea,Headline,H1,Rosacea Naturopath NZ,21,
NZ,WW | NZ | Skin Conditions,Rosacea,Headline,H2,Rosacea Natural Treatment,25,
NZ,WW | NZ | Skin Conditions,Rosacea,Headline,H3,Rosacea Trigger Naturopath,26,
NZ,WW | NZ | Skin Conditions,Rosacea,Headline,H4,Facial Redness Naturopath,25,
NZ,WW | NZ | Skin Conditions,Rosacea,Headline,H5,Trigger-Focused Rosacea Care,28,
NZ,WW | NZ | Skin Conditions,Rosacea,Headline,H6,Naturopathy For Skin Health,27,
NZ,WW | NZ | Skin Conditions,Rosacea,Headline,H7,"Real Reviews, All 5-Star",24,
NZ,WW | NZ | Skin Conditions,Rosacea,Headline,H8,"10+ Years, Hands-On Experience",30,
NZ,WW | NZ | Skin Conditions,Rosacea,Headline,H9,Lab Kits Delivered Home,23,
NZ,WW | NZ | Skin Conditions,Rosacea,Headline,H10,Supports What Your GP Does,26,
NZ,WW | NZ | Skin Conditions,Rosacea,Headline,H11,Have A Free Chat First,22,
NZ,WW | NZ | Skin Conditions,Rosacea,Headline,H12,Book Your Rosacea Consult,25,
NZ,WW | NZ | Skin Conditions,Rosacea,Headline,H13,"Meet Online, Securely",21,
NZ,WW | NZ | Skin Conditions,Rosacea,Headline,H14,"Rosacea Naturopath, NZ-Wide",27,
NZ,WW | NZ | Skin Conditions,Rosacea,Headline,H15,Your Own Tailored Skin Plan,27,
NZ,WW | NZ | Skin Conditions,Rosacea,Description,D1,"Rosacea support that looks at gut, diet and trigger factors, not just the redness.",82,
NZ,WW | NZ | Skin Conditions,Rosacea,Description,D2,"Ten years working with rosacea and skin health. By secure video, NZ-wide.",73,
NZ,WW | NZ | Skin Conditions,Rosacea,Description,D3,Works alongside your GP or dermatologist. Free 15-minute discovery call to start.,81,
NZ,WW | NZ | Skin Conditions,Rosacea,Description,D4,"32 five-star reviews. Lab testing posted to your door, real data behind your plan.",82,
NZ,WW | NZ | Skin Conditions,Skin Infections,Headline,H1,Naturopath For Skin Infections,30,
NZ,WW | NZ | Skin Conditions,Skin Infections,Headline,H2,Recurring Skin Infections Help,30,
NZ,WW | NZ | Skin Conditions,Skin Infections,Headline,H3,Chronic Hives Naturopath NZ,27,
NZ,WW | NZ | Skin Conditions,Skin Infections,Headline,H4,Naturopath For Urticaria,24,
NZ,WW | NZ | Skin Conditions,Skin Infections,Headline,H5,What's Driving Your Immunity,28,
NZ,WW | NZ | Skin Conditions,Skin Infections,Headline,H6,A Naturopath For Skin,21,
NZ,WW | NZ | Skin Conditions,Skin Infections,Headline,H7,"5 Stars, 32 Reviews Strong",26,
NZ,WW | NZ | Skin Conditions,Skin Infections,Headline,H8,A Decade Treating Skin,22,
NZ,WW | NZ | Skin Conditions,Skin Infections,Headline,H9,Testing Done From Home,22,
NZ,WW | NZ | Skin Conditions,Skin Infections,Headline,H10,Alongside Your Doctor's Care,28,
NZ,WW | NZ | Skin Conditions,Skin Infections,Headline,H11,No-Charge Discovery Call,24,
NZ,WW | NZ | Skin Conditions,Skin Infections,Headline,H12,Book Your Skin Consult,22,
NZ,WW | NZ | Skin Conditions,Skin Infections,Headline,H13,Face-To-Face By Video,21,
NZ,WW | NZ | Skin Conditions,Skin Infections,Headline,H14,"Skin Naturopath, NZ-Wide",24,
NZ,WW | NZ | Skin Conditions,Skin Infections,Headline,H15,A Plan For Your Immunity,24,
NZ,WW | NZ | Skin Conditions,Skin Infections,Description,D1,Skin infections or hives that keep coming back? Support for what's driving it.,78,
NZ,WW | NZ | Skin Conditions,Skin Infections,Description,D2,"More than ten years of skin consultations. By secure video, right across NZ.",76,
NZ,WW | NZ | Skin Conditions,Skin Infections,Description,D3,"Works alongside your GP or dermatologist. Free 15-minute call, no pressure, to start.",85,
NZ,WW | NZ | Skin Conditions,Skin Infections,Description,D4,"32 five-star reviews. Lab tests posted to your door, real data, not guesswork.",78,
AU,WW | AU | Online Naturopath,Online Naturopath Consult AU,Headline,H1,Online Naturopath Australia,27,
AU,WW | AU | Online Naturopath,Online Naturopath Consult AU,Headline,H2,Naturopath Consultation Online,30,
AU,WW | AU | Online Naturopath,Online Naturopath Consult AU,Headline,H3,10+ Years In Practice,21,
AU,WW | AU | Online Naturopath,Online Naturopath Consult AU,Headline,H4,Same Practitioner Each Visit,28,
AU,WW | AU | Online Naturopath,Online Naturopath Consult AU,Headline,H5,Rated Five Stars 32 Times,25,
AU,WW | AU | Online Naturopath,Online Naturopath Consult AU,Headline,H6,Consults By Secure Video,24,
AU,WW | AU | Online Naturopath,Online Naturopath Consult AU,Headline,H7,32 Five-Star Client Reviews,27,
AU,WW | AU | Online Naturopath,Online Naturopath Consult AU,Headline,H8,10+ Years In This Field,23,
AU,WW | AU | Online Naturopath,Online Naturopath Consult AU,Headline,H9,Works With Your Existing Care,29,
AU,WW | AU | Online Naturopath,Online Naturopath Consult AU,Headline,H10,Free Chat Before You Book,25,
AU,WW | AU | Online Naturopath,Online Naturopath Consult AU,Headline,H11,Book A Naturopath Online,24,
AU,WW | AU | Online Naturopath,Online Naturopath Consult AU,Headline,H12,Naturopath Video Consultation,29,
AU,WW | AU | Online Naturopath,Online Naturopath Consult AU,Headline,H13,Consults Across Australia,25,
AU,WW | AU | Online Naturopath,Online Naturopath Consult AU,Headline,H14,"One Practitioner, By Video",26,
AU,WW | AU | Online Naturopath,Online Naturopath Consult AU,Headline,H15,Book Your Free Chat Today,25,
AU,WW | AU | Online Naturopath,Online Naturopath Consult AU,Description,D1,"Full naturopathic consultations by secure video, wherever you are in Australia.",79,
AU,WW | AU | Online Naturopath,Online Naturopath Consult AU,Description,D2,32 five-star Google reviews and more than a decade of consulting experience.,76,
AU,WW | AU | Online Naturopath,Online Naturopath Consult AU,Description,D3,Works alongside your existing GP care. A root-cause approach to your health.,76,
AU,WW | AU | Online Naturopath,Online Naturopath Consult AU,Description,D4,"A free, relaxed 15-minute discovery call comes first, no pressure, no obligation.",81,
AU,WW | AU | Online Naturopath,General Naturopathy AU,Headline,H1,Naturopath Online Australia,27,
AU,WW | AU | Online Naturopath,General Naturopathy AU,Headline,H2,"Online Naturopath, Australia",28,
AU,WW | AU | Online Naturopath,General Naturopathy AU,Headline,H3,A Decade In Practice,20,
AU,WW | AU | Online Naturopath,General Naturopathy AU,Headline,H4,Works Alongside Your GP,23,
AU,WW | AU | Online Naturopath,General Naturopathy AU,Headline,H5,"One Naturopath, All AU",22,
AU,WW | AU | Online Naturopath,General Naturopathy AU,Headline,H6,"Book Direct, No Waitlist",24,
AU,WW | AU | Online Naturopath,General Naturopathy AU,Headline,H7,Rated 5 Stars By 32 Clients,27,
AU,WW | AU | Online Naturopath,General Naturopathy AU,Headline,H8,Practising 10+ Years,20,
AU,WW | AU | Online Naturopath,General Naturopathy AU,Headline,H9,Complements Your Current Care,29,
AU,WW | AU | Online Naturopath,General Naturopathy AU,Headline,H10,A Relaxed Free 15-Min Call,26,
AU,WW | AU | Online Naturopath,General Naturopathy AU,Headline,H11,Book An Online Consultation,27,
AU,WW | AU | Online Naturopath,General Naturopathy AU,Headline,H12,Whole-Body Naturopathy,22,
AU,WW | AU | Online Naturopath,General Naturopathy AU,Headline,H13,Online Video Consultations,26,
AU,WW | AU | Online Naturopath,General Naturopathy AU,Headline,H14,No Local Clinic Needed,22,
AU,WW | AU | Online Naturopath,General Naturopathy AU,Headline,H15,Book Your Naturopath Session,28,
AU,WW | AU | Online Naturopath,General Naturopathy AU,Description,D1,"Naturopathic consultations by secure video, wherever you are in Australia.",74,
AU,WW | AU | Online Naturopath,General Naturopathy AU,Description,D2,32 five-star Google reviews and more than ten years of consulting experience.,77,
AU,WW | AU | Online Naturopath,General Naturopathy AU,Description,D3,"A whole-body approach, not just the symptom in front of you. Works with your GP.",80,
AU,WW | AU | Online Naturopath,General Naturopathy AU,Description,D4,"First step: a free 15-minute discovery call. No pressure, no obligation either way.",83,
AU,WW | AU | Online Naturopath,Gut & Digestive Health AU,Headline,H1,Naturopath For Gut Health,25,
AU,WW | AU | Online Naturopath,Gut & Digestive Health AU,Headline,H2,Discuss Bloating & Digestion,28,
AU,WW | AU | Online Naturopath,Gut & Digestive Health AU,Headline,H3,"IBS Support, Australia",22,
AU,WW | AU | Online Naturopath,Gut & Digestive Health AU,Headline,H4,Discuss Gut & Digestion,23,
AU,WW | AU | Online Naturopath,Gut & Digestive Health AU,Headline,H5,32 Five-Star Google Reviews,27,
AU,WW | AU | Online Naturopath,Gut & Digestive Health AU,Headline,H6,No Clinic Visit Required,24,
AU,WW | AU | Online Naturopath,Gut & Digestive Health AU,Headline,H7,"32 Google Reviews, 5 Stars",26,
AU,WW | AU | Online Naturopath,Gut & Digestive Health AU,Headline,H8,10+ Years Helping Patients,26,
AU,WW | AU | Online Naturopath,Gut & Digestive Health AU,Headline,H9,Fits Around Your Current Care,29,
AU,WW | AU | Online Naturopath,Gut & Digestive Health AU,Headline,H10,Book Your Free Discovery,24,
AU,WW | AU | Online Naturopath,Gut & Digestive Health AU,Headline,H11,Book A Gut Health Consult,25,
AU,WW | AU | Online Naturopath,Gut & Digestive Health AU,Headline,H12,Alongside Your Current Care,27,
AU,WW | AU | Online Naturopath,Gut & Digestive Health AU,Headline,H13,"Secure Video, From Home",23,
AU,WW | AU | Online Naturopath,Gut & Digestive Health AU,Headline,H14,"Personalised, Not Generic",25,
AU,WW | AU | Online Naturopath,Gut & Digestive Health AU,Headline,H15,Book Your Discovery Call,24,
AU,WW | AU | Online Naturopath,Gut & Digestive Health AU,Description,D1,"Book an online consultation to discuss bloating, IBS or digestion, Australia-wide.",82,
AU,WW | AU | Online Naturopath,Gut & Digestive Health AU,Description,D2,"A full consultation to talk through your digestion, by secure video.",68,
AU,WW | AU | Online Naturopath,Gut & Digestive Health AU,Description,D3,"A root-cause naturopath, working alongside your existing GP care.",65,
AU,WW | AU | Online Naturopath,Gut & Digestive Health AU,Description,D4,"Begin with a free 15-minute chat about your health. No pressure, no obligation.",79,
AU,WW | AU | Online Naturopath,Hormones & Women's Health AU,Headline,H1,Naturopath For Hormones,23,
AU,WW | AU | Online Naturopath,Hormones & Women's Health AU,Headline,H2,Discuss PMS & Cycle Health,26,
AU,WW | AU | Online Naturopath,Hormones & Women's Health AU,Headline,H3,Perimenopause Support Online,28,
AU,WW | AU | Online Naturopath,Hormones & Women's Health AU,Headline,H4,"Women's Health, Australia-Wide",30,
AU,WW | AU | Online Naturopath,Hormones & Women's Health AU,Headline,H5,Ten Years Of Consulting,23,
AU,WW | AU | Online Naturopath,Hormones & Women's Health AU,Headline,H6,"Online, Wherever You Are",24,
AU,WW | AU | Online Naturopath,Hormones & Women's Health AU,Headline,H7,A Genuine 5-Star Reputation,27,
AU,WW | AU | Online Naturopath,Hormones & Women's Health AU,Headline,H8,A Decade Of Clinical Work,25,
AU,WW | AU | Online Naturopath,Hormones & Women's Health AU,Headline,H9,Works Alongside Your Doctor,27,
AU,WW | AU | Online Naturopath,Hormones & Women's Health AU,Headline,H10,Free 15 Minutes To Talk,23,
AU,WW | AU | Online Naturopath,Hormones & Women's Health AU,Headline,H11,Book A Hormone Health Consult,29,
AU,WW | AU | Online Naturopath,Hormones & Women's Health AU,Headline,H12,Dual-Qualified Practitioner,27,
AU,WW | AU | Online Naturopath,Hormones & Women's Health AU,Headline,H13,"Video Calls, Fully Private",26,
AU,WW | AU | Online Naturopath,Hormones & Women's Health AU,Headline,H14,"One-On-One, Unhurried Care",26,
AU,WW | AU | Online Naturopath,Hormones & Women's Health AU,Headline,H15,See A Naturopath This Week,26,
AU,WW | AU | Online Naturopath,Hormones & Women's Health AU,Description,D1,"Book an online consultation to discuss hormones, cycles or menopause, Australia-wide.",85,
AU,WW | AU | Online Naturopath,Hormones & Women's Health AU,Description,D2,"More than ten years in practice, with 32 five-star Google reviews.",66,
AU,WW | AU | Online Naturopath,Hormones & Women's Health AU,Description,D3,"One-on-one, unhurried care, a plan built around your cycle, not a template.",75,
AU,WW | AU | Online Naturopath,Hormones & Women's Health AU,Description,D4,"A free 15-minute discovery call starts things off, no pressure either way.",74,
AU,WW | AU | Online Naturopath,Fatigue & Energy AU,Headline,H1,Naturopath For Fatigue,22,
AU,WW | AU | Online Naturopath,Fatigue & Energy AU,Headline,H2,Discuss Burnout & Energy,24,
AU,WW | AU | Online Naturopath,Fatigue & Energy AU,Headline,H3,Adrenal Support Online,22,
AU,WW | AU | Online Naturopath,Fatigue & Energy AU,Headline,H4,Naturopath For Low Energy,25,
AU,WW | AU | Online Naturopath,Fatigue & Energy AU,Headline,H5,"One Practitioner, Throughout",28,
AU,WW | AU | Online Naturopath,Fatigue & Energy AU,Headline,H6,"Video Consults, Australia-Wide",30,
AU,WW | AU | Online Naturopath,Fatigue & Energy AU,Headline,H7,"5-Star Rated, 32 Reviews",24,
AU,WW | AU | Online Naturopath,Fatigue & Energy AU,Headline,H8,"10+ Years, Same Practitioner",28,
AU,WW | AU | Online Naturopath,Fatigue & Energy AU,Headline,H9,Adds To Your Existing Care,26,
AU,WW | AU | Online Naturopath,Fatigue & Energy AU,Headline,H10,Your First Call Is Free,23,
AU,WW | AU | Online Naturopath,Fatigue & Energy AU,Headline,H11,Book A Fatigue Consult,22,
AU,WW | AU | Online Naturopath,Fatigue & Energy AU,Headline,H12,Works With Your Current Care,28,
AU,WW | AU | Online Naturopath,Fatigue & Energy AU,Headline,H13,"Video Chats, Fully Secure",25,
AU,WW | AU | Online Naturopath,Fatigue & Energy AU,Headline,H14,A Session Just For You,22,
AU,WW | AU | Online Naturopath,Fatigue & Energy AU,Headline,H15,Start With A Free 15 Minutes,28,
AU,WW | AU | Online Naturopath,Fatigue & Energy AU,Description,D1,"Book an online consultation to discuss fatigue, burnout or low energy, Australia-wide.",86,
AU,WW | AU | Online Naturopath,Fatigue & Energy AU,Description,D2,"32 five-star Google reviews. Consultations by secure video, booked direct.",74,
AU,WW | AU | Online Naturopath,Fatigue & Energy AU,Description,D3,"Works alongside your existing GP care, looking at what's driving the fatigue.",77,
AU,WW | AU | Online Naturopath,Fatigue & Energy AU,Description,D4,"15 free minutes, no obligation, a relaxed first chat about how you're feeling.",78,
AU,WW | AU | Skin Conditions,Eczema AU,Headline,H1,Naturopath For Eczema,21,
AU,WW | AU | Skin Conditions,Eczema AU,Headline,H2,Discuss Your Eczema Online,26,
AU,WW | AU | Skin Conditions,Eczema AU,Headline,H3,Eczema-Gut-Immune Link,22,
AU,WW | AU | Skin Conditions,Eczema AU,Headline,H4,"Adult Eczema, Discussed",23,
AU,WW | AU | Skin Conditions,Eczema AU,Headline,H5,A Decade In Skin Health,23,
AU,WW | AU | Skin Conditions,Eczema AU,Headline,H6,"Secure Video, Your Own Home",27,
AU,WW | AU | Skin Conditions,Eczema AU,Headline,H7,32 Verified 5-Star Reviews,26,
AU,WW | AU | Skin Conditions,Eczema AU,Headline,H8,Over A Decade Practising,24,
AU,WW | AU | Skin Conditions,Eczema AU,Headline,H9,Discuss Your Skin One-On-One,28,
AU,WW | AU | Skin Conditions,Eczema AU,Headline,H10,Sits Alongside Your GP Care,27,
AU,WW | AU | Skin Conditions,Eczema AU,Headline,H11,"Free, No-Pressure First Chat",28,
AU,WW | AU | Skin Conditions,Eczema AU,Headline,H12,Book An Eczema Consultation,27,
AU,WW | AU | Skin Conditions,Eczema AU,Headline,H13,Not Instead Of Your Doctor,26,
AU,WW | AU | Skin Conditions,Eczema AU,Headline,H14,"Video Consults, AU-Wide",23,
AU,WW | AU | Skin Conditions,Eczema AU,Headline,H15,Book Your Free Call Today,25,
AU,WW | AU | Skin Conditions,Eczema AU,Description,D1,"Book a consultation to discuss your eczema, by secure video, across Australia.",78,
AU,WW | AU | Skin Conditions,Eczema AU,Description,D2,"Look past the skin, discuss the gut and immune links behind eczema. Australia-wide.",83,
AU,WW | AU | Skin Conditions,Eczema AU,Description,D3,Start with a free 15-minute discovery call. No pressure and no obligation.,74,
AU,WW | AU | Skin Conditions,Eczema AU,Description,D4,Works alongside the care you already have with your GP.,55,
AU,WW | AU | Skin Conditions,TSW AU,Headline,H1,TSW Naturopath Online,21,
AU,WW | AU | Skin Conditions,TSW AU,Headline,H2,Discuss Steroid Withdrawal,26,
AU,WW | AU | Skin Conditions,TSW AU,Headline,H3,Red Skin Syndrome Support,25,
AU,WW | AU | Skin Conditions,TSW AU,Headline,H4,Going Through TSW? Talk To Us,29,
AU,WW | AU | Skin Conditions,TSW AU,Headline,H5,Ten Years On Skin Cases,23,
AU,WW | AU | Skin Conditions,TSW AU,Headline,H6,Appointments That Fit Work,26,
AU,WW | AU | Skin Conditions,TSW AU,Headline,H7,5 Stars From 32 Patients,24,
AU,WW | AU | Skin Conditions,TSW AU,Headline,H8,"10+ Years, One Practitioner",27,
AU,WW | AU | Skin Conditions,TSW AU,Headline,H9,TSW Taken Seriously,19,
AU,WW | AU | Skin Conditions,TSW AU,Headline,H10,Works With Your Treatment,25,
AU,WW | AU | Skin Conditions,TSW AU,Headline,H11,15 Free Minutes To Start,24,
AU,WW | AU | Skin Conditions,TSW AU,Headline,H12,Book A TSW Consultation,23,
AU,WW | AU | Skin Conditions,TSW AU,Headline,H13,Your GP Stays In The Loop,25,
AU,WW | AU | Skin Conditions,TSW AU,Headline,H14,"Unhurried, One-On-One Care",26,
AU,WW | AU | Skin Conditions,TSW AU,Headline,H15,"Patience, Not A Quick Fix",25,
AU,WW | AU | Skin Conditions,TSW AU,Description,D1,"Going through topical steroid withdrawal? Talk to a naturopath, Australia-wide.",79,
AU,WW | AU | Skin Conditions,TSW AU,Description,D2,"A relaxed, free 15-minute discovery call first, no pressure, no obligation.",75,
AU,WW | AU | Skin Conditions,TSW AU,Description,D3,"More than ten years of skin consultations, delivered by secure video.",69,
AU,WW | AU | Skin Conditions,TSW AU,Description,D4,"Unhurried consultations that take your full story into account, alongside your care.",84,
AU,WW | AU | Skin Conditions,Psoriasis AU,Headline,H1,Naturopath For Psoriasis,24,
AU,WW | AU | Skin Conditions,Psoriasis AU,Headline,H2,Discuss Psoriasis Online,24,
AU,WW | AU | Skin Conditions,Psoriasis AU,Headline,H3,Diet & Immune Factors,21,
AU,WW | AU | Skin Conditions,Psoriasis AU,Headline,H4,"Scalp Psoriasis, Discussed",26,
AU,WW | AU | Skin Conditions,Psoriasis AU,Headline,H5,Experienced In Skin Cases,25,
AU,WW | AU | Skin Conditions,Psoriasis AU,Headline,H6,Straight Onto The Calendar,26,
AU,WW | AU | Skin Conditions,Psoriasis AU,Headline,H7,Our 32 Five-Star Reviews,24,
AU,WW | AU | Skin Conditions,Psoriasis AU,Headline,H8,A Decade Of Consults,20,
AU,WW | AU | Skin Conditions,Psoriasis AU,Headline,H9,A Whole-Body Approach,21,
AU,WW | AU | Skin Conditions,Psoriasis AU,Headline,H10,Alongside Your Treatment Too,28,
AU,WW | AU | Skin Conditions,Psoriasis AU,Headline,H11,Book A Free Intro Call,22,
AU,WW | AU | Skin Conditions,Psoriasis AU,Headline,H12,Book A Psoriasis Consultation,29,
AU,WW | AU | Skin Conditions,Psoriasis AU,Headline,H13,Complements Your Medical Care,29,
AU,WW | AU | Skin Conditions,Psoriasis AU,Headline,H14,"Online Video, Australia-Wide",28,
AU,WW | AU | Skin Conditions,Psoriasis AU,Headline,H15,Book A Telehealth Consult,25,
AU,WW | AU | Skin Conditions,Psoriasis AU,Description,D1,"Book a consultation to discuss psoriasis, by secure video, Australia-wide.",74,
AU,WW | AU | Skin Conditions,Psoriasis AU,Description,D2,"Discuss the immune and lifestyle factors behind flare-ups, whole-body, not topical.",83,
AU,WW | AU | Skin Conditions,Psoriasis AU,Description,D3,"Free 15-minute discovery call first, then a full consultation if it suits.",74,
AU,WW | AU | Skin Conditions,Psoriasis AU,Description,D4,"10+ years experience, works alongside your current dermatologist or GP care.",76,
AU,WW | AU | Skin Conditions,Acne AU,Headline,H1,Naturopath For Acne,19,
AU,WW | AU | Skin Conditions,Acne AU,Headline,H2,Discuss Acne Online,19,
AU,WW | AU | Skin Conditions,Acne AU,Headline,H3,"Hormonal Acne, Discussed",24,
AU,WW | AU | Skin Conditions,Acne AU,Headline,H4,Adult Acne Naturopath,21,
AU,WW | AU | Skin Conditions,Acne AU,Headline,H5,Ten Years Of Skin Consults,26,
AU,WW | AU | Skin Conditions,Acne AU,Headline,H6,"Online Consults, Booked Direct",30,
AU,WW | AU | Skin Conditions,Acne AU,Headline,H7,"Rated Five Stars, 32 Times",26,
AU,WW | AU | Skin Conditions,Acne AU,Headline,H8,"10+ Years, Steady Care",22,
AU,WW | AU | Skin Conditions,Acne AU,Headline,H9,Hormonal & Gut Factors,22,
AU,WW | AU | Skin Conditions,Acne AU,Headline,H10,Complements Your Treatment,26,
AU,WW | AU | Skin Conditions,Acne AU,Headline,H11,A Free First Conversation,25,
AU,WW | AU | Skin Conditions,Acne AU,Headline,H12,Book An Acne Consultation,25,
AU,WW | AU | Skin Conditions,Acne AU,Headline,H13,Fits Around Your GP Care,24,
AU,WW | AU | Skin Conditions,Acne AU,Headline,H14,"Consults By Video, AU-Wide",26,
AU,WW | AU | Skin Conditions,Acne AU,Headline,H15,Book Your Online Session,24,
AU,WW | AU | Skin Conditions,Acne AU,Description,D1,"Book a consultation to discuss acne, adult or hormonal, Australia-wide.",71,
AU,WW | AU | Skin Conditions,Acne AU,Description,D2,"Discuss the hormonal and gut factors behind breakouts, whole-body, not topical.",79,
AU,WW | AU | Skin Conditions,Acne AU,Description,D3,Book a consultation to discuss your skin. Free 15-minute discovery call first.,78,
AU,WW | AU | Skin Conditions,Acne AU,Description,D4,"10+ years experience, works alongside your current dermatologist or GP care.",76,
AU,WW | AU | Skin Conditions,Rosacea AU,Headline,H1,Naturopath For Rosacea,22,
AU,WW | AU | Skin Conditions,Rosacea AU,Headline,H2,Discuss Rosacea Online,22,
AU,WW | AU | Skin Conditions,Rosacea AU,Headline,H3,"Facial Redness, Discussed",25,
AU,WW | AU | Skin Conditions,Rosacea AU,Headline,H4,Rosacea Trigger Support,23,
AU,WW | AU | Skin Conditions,Rosacea AU,Headline,H5,Skin-Focused Consultations,26,
AU,WW | AU | Skin Conditions,Rosacea AU,Headline,H6,Consult From Your Own Home,26,
AU,WW | AU | Skin Conditions,Rosacea AU,Headline,H7,32 Five-Star Reviews Online,27,
AU,WW | AU | Skin Conditions,Rosacea AU,Headline,H8,10+ Years On The Job,20,
AU,WW | AU | Skin Conditions,Rosacea AU,Headline,H9,"Trigger Factors, Discussed",26,
AU,WW | AU | Skin Conditions,Rosacea AU,Headline,H10,Complements Your Doctor,23,
AU,WW | AU | Skin Conditions,Rosacea AU,Headline,H11,A Free Chat To Start,20,
AU,WW | AU | Skin Conditions,Rosacea AU,Headline,H12,Book A Rosacea Consultation,27,
AU,WW | AU | Skin Conditions,Rosacea AU,Headline,H13,Sits Beside Your GP Care,24,
AU,WW | AU | Skin Conditions,Rosacea AU,Headline,H14,"Meet Online, Australia-Wide",27,
AU,WW | AU | Skin Conditions,Rosacea AU,Headline,H15,Schedule An Online Consult,26,
AU,WW | AU | Skin Conditions,Rosacea AU,Description,D1,"Book a consultation to discuss rosacea and its triggers, Australia-wide.",72,
AU,WW | AU | Skin Conditions,Rosacea AU,Description,D2,"Discuss the gut, stress and lifestyle triggers behind flare-ups, not just redness.",82,
AU,WW | AU | Skin Conditions,Rosacea AU,Description,D3,A free 15-minute discovery call to talk it through before you commit to anything.,81,
AU,WW | AU | Skin Conditions,Rosacea AU,Description,D4,"10+ years experience, works alongside your current dermatologist or GP care.",76,
AU,WW | AU | Skin Conditions,Skin Infections AU,Headline,H1,Recurring Skin Infections,25,
AU,WW | AU | Skin Conditions,Skin Infections AU,Headline,H2,Discuss Skin Concerns Online,28,
AU,WW | AU | Skin Conditions,Skin Infections AU,Headline,H3,"Chronic Hives, Discussed",24,
AU,WW | AU | Skin Conditions,Skin Infections AU,Headline,H4,Why It Keeps Recurring,22,
AU,WW | AU | Skin Conditions,Skin Infections AU,Headline,H5,Over Ten Years In Skin,22,
AU,WW | AU | Skin Conditions,Skin Infections AU,Headline,H6,No Referral Needed,18,
AU,WW | AU | Skin Conditions,Skin Infections AU,Headline,H7,"32 Reviews, 5 Stars Each",24,
AU,WW | AU | Skin Conditions,Skin Infections AU,Headline,H8,A Decade Behind Us,18,
AU,WW | AU | Skin Conditions,Skin Infections AU,Headline,H9,A Root-Cause Approach,21,
AU,WW | AU | Skin Conditions,Skin Infections AU,Headline,H10,Alongside Your Own Doctor,25,
AU,WW | AU | Skin Conditions,Skin Infections AU,Headline,H11,"No Cost, No Pressure Call",25,
AU,WW | AU | Skin Conditions,Skin Infections AU,Headline,H12,Book A Skin Consultation,24,
AU,WW | AU | Skin Conditions,Skin Infections AU,Headline,H13,Works With Your GP's Plan,25,
AU,WW | AU | Skin Conditions,Skin Infections AU,Headline,H14,"Secure Video, Australia-Wide",28,
AU,WW | AU | Skin Conditions,Skin Infections AU,Headline,H15,Book A Video Consultation,25,
AU,WW | AU | Skin Conditions,Skin Infections AU,Description,D1,"Book a consultation to discuss recurring skin infections or hives, Australia-wide.",82,
AU,WW | AU | Skin Conditions,Skin Infections AU,Description,D2,"Discuss the immune factors behind concerns that keep recurring, not just one-off.",81,
AU,WW | AU | Skin Conditions,Skin Infections AU,Description,D3,Free 15-minute discovery call first. Consultations booked straight off the calendar.,84,
AU,WW | AU | Skin Conditions,Skin Infections AU,Description,D4,"10+ years experience, works alongside your current dermatologist or GP care.",76,
